module,imports
users/bullocke/assessment-tools:sandbox/indicatorUtilities,1
users/bullocke/assessment-tools:Utilities,23
users/bullocke/assessment-tools:beta/estimators,3
users/google/toolkits:landcover/impl/composites.js,84
users/gena/packages:palettes,3587
users/alemlakes/r-2901-BULC-Dev:BULC/2021/2021-04/BULC-Minimal-ModInDev-107,14
users/alemlakes/CommonCode:502.imageCollectionCompressionAndExpansion/502.imageCollectionCompressionAndExpansion,22
users/alemlakes/CommonCode:505.Palettes/505.Module.Palettes,144
users/alemlakes/r-5000-Stagiaires:2021/Mary/Helpers/HelperFunctions,8
users/alemlakes/r-5000-Stagiaires:2021/Mary/Outcome/Mosaic,7
users/alemlakes/r-5000-Stagiaires:2021/Mary/Outcome/Airstrip,7
users/alemlakes/r-5000-Stagiaires:2021/Mary/Outcome/Movie,7
users/alemlakes/r-5000-Stagiaires:2021/Mary/Outcome/Zoom,7
users/gena/packages:text,1165
users/gena/packages:animation,806
users/gena/packages:earth,18
users/gena/packages:utils,574
users/google/toolkits:landcover/api.js,11
users/bullocke/ccdcUtils:utils/ccdcUtils,7
users/bullocke/ColombianAndes:Classification/0_Andes_A_params_annual_classification_localCCDC,1
users/mapbiomas/modules:Palettes.js,1937
users/dmdruce/gw_realms:Indomalayan,3
users/dmdruce/gw_realms:afrotropic,3
users/dmdruce/gw_realms:afrotropic_v2,1
users/dmdruce/gw_realms:palearctic,3
users/dmdruce/gw_realms:palearctic-2020,1
users/buwuyou/UNEP_wetland_postpro:gw_utils,1
users/buwuyou/UNEP_wetland_postpro:realms_utils,1
users/dmdruce/gw_realms:xito-neo-fix,1
users/hyinhe/FWE875_2019:LAS_tools,13
users/jstnbraaten/modules:ee-lcb.js,115
users/jnole/ClasificationRF:RegionesTile,221
users/fitoprincipe/geetools:batch,2036
users/tiocm1067581/tools:MSS_new,14
users/xianda19/share:rmCloud,29
users/sofiaermida/landsat_smw_lst:modules/Landsat_LST.js,509
users/sofiaermida/landsat_smw_lst:modules/broadband_emiss.js,112
users/sofiaermida/landsat_smw_lst:modules/ASTER_bare_emiss.js,51
users/sofiaermida/landsat_smw_lst:modules/cloudmask.js,68
users/sofiaermida/landsat_smw_lst:modules/compute_emissivity.js,63
users/sofiaermida/landsat_smw_lst:modules/compute_FVC.js,62
users/sofiaermida/landsat_smw_lst:modules/compute_NDVI.js,72
users/tongyan9211/LST_2020:modules/landmask.js,2
users/sofiaermida/landsat_smw_lst:modules/NCEP_TPW.js,62
users/sofiaermida/landsat_smw_lst:modules/SMWalgorithm.js,71
users/kongdd/public:Math/pkg_smooth.js,517
users/kongdd/public:pkg_main.js,238
users/kongdd/public:Math/pkg_whit.js,200
users/kongdd/public:data/flux_points.js,43
users/kongdd/public:Math/pkg_trend.js,180
users/kongdd/public:pkg_vis.js,458
users/JFC/math:pkg_smooth.js,62
users/sfrancini/bap:library,15
users/cduthes1991/public-hub:RSEI,13
users/cduthes1991/public-hub:PCA,4
users/OEEL/lib:loadAll,195
users/adugnagirma/gee_s1_ard:wrapper,61
users/adugnagirma/gee_s1_ard:utilities,69
users/kongdd/public:debug.js,31
users/kongdd/gee_phenofit:main/released/smooth_tools.js,8
users/kongdd/public:pkg_export.js,114
users/gena/packages:colorbrewer,496
users/kongdd/public:pkg_join.js,92
users/kongdd/gee_phenofit:Figure/dat02_MOD13A1_smoothed.js,12
users/bzgeo/examples:_ancillary/afr_asia,13
users/kongdd/pkgs:pkg_vis.js,23
users/kongdd/gee_PML:src/mosaic_LAI.js,8
users/kongdd/pkgs:pkg_main.js,14
users/kongdd/gee_phenofit:smooth_whit.js,13
users/kongdd/gee_phenofit:src/pkg_pheno.js,1
users/kongdd/gee_phenofit:main/smooth_whit.js,12
users/emaprlab/public:Modules/LandTrendr.js,943
users/kongdd/public:pkg_buffer.js,11
users/kongdd/public:pkg_export2.js,8
users/kongdd/public:pkg_index.js,3
users/kongdd/public:pkg_modis.js,3
users/kongdd/public:pkg_phenology.js,4
users/kongdd/public:data/ImgCol_MODIS_LAI.js,12
users/kongdd/public:pkg_movmean.js,6
users/gena/packages:assets,326
users/wangmmcug/landsat_psc_lst:modules/PSCAlgorithm.js,2
users/gena/packages:style,777
users/fitoprincipe/geetools:decision_tree,30
users/fitoprincipe/geetools:tools,283
users/parevalo_bu/gee-ccdc-tools:ccdcUtilities/classification.js,6
users/parevalo_bu/gee-ccdc-tools:ccdcUtilities/ccdc.js,10
users/parevalo_bu/gee-ccdc-tools:ccdcUtilities/inputs.js,33
users/parevalo_bu/gee-ccdc-tools:ccdcUtilities/dates.js,11
users/parevalo_bu/gee-ccdc-tools:ccdcUtilities/change.js,3
projects/AREA2/public:utilities/misc,120
users/parevalo_bu/gee-ccdc-tools:ccdcUtilities/api,85
users/parevalo_bu/gee-ccdc-tools:ccdcUtilities/ui,5
users/fitoprincipe/geetools:cloud_masks,665
users/yanggaoxiang8/test:segment_add,2
users/eeProject/RivWidthCloudPaper:functions_Landsat578/functions_landsat.js,147
users/eeProject/RivWidthCloudPaper:functions_river.js,69
users/eeProject/RivWidthCloudPaper:functions_centerline_width.js,33
users/eeProject/RivWidthCloudPaper:rwc_landsat.js,60
users/hagen/psr2020_ii:library,1
(user/Owner/hagen/psr2020i:library,1
users/niujsdige/whecla:function,10
users/luciovilla/CropMonitoring:library/Library,3
users/nanshany1993/common:sentinel2,37
users/2210902141/RSEI:downloadModules.js,13
users/geogismx/mountain_solar:abedo_modis.js,3
users/geogismx/mountain_solar:arraytoimgcol.js,3
users/geogismx/mountain_solar:whitter_smoother.js,1
users/kongdd/pkgs:src/Joins.js,2
users/gena/packages:cloud-utils,37
users/geogismx/albedo_modis:abedo_modis.js,2
users/andreim/geeMonitor:monitor.js,19
users/yzy/math:pkg_smooth.js,49
users/yzy/math:pkg_main.js,62
users/yzy/math:pkg_whit.js,69
users/nirv/function:pkg_main.js,1
users/nirv/function:pkg_whit.js,1
users/yzy/math:/pkg_smooth.js,105
users/Conala/QuickModel:Algorithms/GetSentinelImage,9
users/OEEL/lib:/Export/loadIfExistElseExport,1
users/OEEL/lib:/Export/ImageCollection/asImageToAsset,1
users/OEEL/lib:/ImageCollection/SavatskyGolayFilter,1
users/OEEL/lib:/ImageCollection/OtsuThreshold,1
users/OEEL/lib:/ImageCollection/movingWindow,1
users/OEEL/lib:/ImageCollection/fromSingleImage,1
users/OEEL/lib:/ImageCollection/enhancingCollection,1
users/OEEL/lib:/FeatureCollection/fromList,1
users/OEEL/lib:/Filter/asymmetricMaxDifference,1
users/OEEL/lib:/Element/addTimeProperties,1
users/OEEL/lib:/Algorithms/MODIS/terrainShadow,1
users/OEEL/lib:/Algorithms/Sentinel2/cloudfree,1
users/OEEL/lib:/Algorithms/Sentinel1/removeS1BlackBorders,1
users/OEEL/lib:/data/deleteImageCollection,1
users/OEEL/lib:/Image/kriging,1
users/OEEL/lib:/Image/semivariogram,1
users/OEEL/lib:/Image/inverseDistanceInterpolation,1
users/320040872/ECHO:demo/VIs_lt57_father,32
users/320040872/ECHO:demo/VIs_lc8_father,32
users/adugnagirma/gee_s1_ard:speckle_filter,9
users/adugnagirma/gee_s1_ard:terrain_flattening,9
users/adugnagirma/gee_s1_ard:border_noise_correction,9
users/626251037/Modules:Modules/exportsModels.js,4
users/Laura_Chow77/default:utils/Math,1
users/bdv/s1flood:zscore,21
users/bdv/s1flood:mapFloods,17
users/fitoprincipe/geetools:list_algorithms,18
users/fitoprincipe/geetools:helpers_js,69
users/fitoprincipe/geetools:satellite,36
users/elacerda/geet:geet,2635
users/lixuecaosysu/geeTools:getCollections,14
users/Yang_Chen/GF-SG:Interpolation_v1,40
users/Yang_Chen/GF-SG:SG_filter_v1,56
users/sofiaermida/landsat_smw_lst:modules/SMW_coefficients.js,18
users/khanalnishant/Algorithms:Utilities,30
users/khanalnishant/ICIMOD:RLCMS/V2/CreateComposites/1_importImages,9
users/khanalnishant/ICIMOD:RLCMS/V2/CreateComposites/2_cloudBurst,9
users/khanalnishant/NLCMS:HKH/SupportScripts/CreateComposites/1_importImages,1
users/khanalnishant/NLCMS:HKH/SupportScripts/CreateComposites/2_cloudBurst,1
users/khanalnishant/NLCMS:HKH/SupportScripts/CreateComposites/3_BRDF,1
users/khanalnishant/NLCMS:HKH/SupportScripts/CreateComposites/4_terrain2,1
users/khanalnishant/NLCMS:HKH/SupportScripts/CreateComposites/5_compositeMetric,1
users/khanalnishant/RLCMS:SupportScripts/Training/1_addCovariates_yearly,8
users/khanalnishant/RLCMS:SupportScripts/Classification/3_featureLists,3
users/khanalnishant/RLCMS:SupportScripts/CreateComposites/1_importImages,10
users/khanalnishant/RLCMS:SupportScripts/CreateComposites/2_cloudBurst,4
users/khanalnishant/RLCMS:SupportScripts/CreateComposites/3_BRDF,4
users/khanalnishant/RLCMS:SupportScripts/CreateComposites/4_terrain2,4
users/khanalnishant/RLCMS:SupportScripts/CreateComposites/5_compositeMetric,4
users/ocsmit/develop:farms.json,4
users/marcyinfeng/utils:SIAC,248
users/emaprlab/NPS-LT-ChangeDB:Modules/LandTrendr.js,4
users/philippevillemaire/multisource_fuel:gee_s1_ard_v20210721/terrain_flattening,1
users/davidcorreia/canlad:src_functions/f_mask_water,1
users/davidcorreia/canlad:src_functions/module_best_pixel_pv_v7,1
users/davidcorreia/canlad:src_functions/module_cloud_shadow_v7,1
users/philippevillemaire/multisource_fuel:modules/SENTINEL1_temporal_filter.js,2
users/philippevillemaire/palsar/module:gamma_filter.js,1
users/philippevillemaire/palsar/module:PALSAR_temporal_filter.js,2
users/reneejohnston/eip:aq/modules/styles,8
projects/dynamicworld/default:modules/inference,12
users/giswqs/public:Modules/utils,37
users/giswqs/public:Modules/datasets,28
users/giswqs/public:Modules/mapping,28
users/jeroenvheyningen/Open:Damage/Damage_Function,3
users/emaprlab/public:Modules/LandTrendr_V2.js,1
users/emaprlab/public:Modules/LandTrendr-UI.js,12
users/falcianij/MEF2:CloudMask,1
users/rfernand387/exports:partitionPalettes,29
users/rfernand387/LEAFToolboxModules:toolsMosaic,18
users/rfernand387/LEAFToolboxModules:SL2PNetworkOneNet,6
users/rfernand387/LEAFToolboxModules:SL2PNetworkv3,11
users/rfernand387/LEAFToolboxModules:toolsUtils,18
users/rfernand387/LEAFToolboxModules:toolsNets,13
users/rfernand387/LEAFToolboxModules:toolsNetsUtils,26
users/rfernand387/LEAFToolboxModules:toolsS2,18
users/rfernand387/LEAFToolboxModules:toolsL8,18
users/czhang11/agkit4ee:/export.js,4
users/czhang11/agkit4ee:/getRoi.js,4
users/czhang11/agkit4ee:/getCdl.js,4
users/czhang11/agkit4ee:/statistics.js,1
users/czhang11/agkit4ee:/croplandModeling.js,4
users/czhang11/agkit4ee:/confidenceModeling.js,4
users/servirmekong/mrc:importS2_module,6
users/servirmekong/mrc:shadowMask_module,8
users/servirmekong/mrc:cloud_module,6
users/servirmekong/mrc:brdf_module,3
users/servirmekong/mrc:topographic_module,2
@google/earthengine,3
users/joselucassafanelli/TAGEE:TAGEE-functions,115
users/mortcanty/changedetection:omnibus,8
users/eduardolacerdageo/default:Function/indexGen,29
users/colin/CloudToStreet:Modules/clearViewsDates,1
users/jonathanasullivan/Cloud2Street:Modules/impacts,9
users/jonathanasullivan/Cloud2Street:Modules/simpleS2Flood,2
users/GoodMax_C2S/Modules:/ScalpelCleaner,1
users/jonathanasullivan/Cloud2Street:Modules/logPolygons,1
users/dmlmont/spectral:spectral,49
users/servirscience/svr_silvacarbon:packages/ancillary_data,12
users/clelabbulc/r-3200-Merging-BULC-C2C:ee-lcb.js,5
users/bzgeo/examples:_ancillary/mes,21
users/servirbz/packages:sma_std3,7
users/alemlakes/CommonCode:503.Overlays/503a.Module.OverlayBySample,3
uses/a-hoscilo/GEE/S2L2Afunctions,1
users/alicjarynkiewicz/igik:fires/S2L2Afunctions,1
users/bullocke/coded:coded/changeDetection,73
users/bullocke/coded:coded/dataUtils,78
users/bullocke/coded:coded/miscUtils,36
users/gena/packages:hydro,59
users/gena/packages:tulisan,1
users/wrd_iwmi/NIH_2019_Training:external_funct.js,1
users/bikesbade/Landsat:importdata,6
users/bikesbade/Landsat:getTopology,6
users/bikesbade/Landsat:getIndexes,6
users/gena/packages:gl,21
users/vitorsveg/scripts:functions,10
users/gena/packages:thresholding,60
users/liuph/default:utils/getSatCollections,8
users/liuph/default:utils/vis,3
users/philipkraaijenbrink/tools:utilities,2
users/philipkraaijenbrink/tools:colorpals,4
users/philipkraaijenbrink/tools:legends,16
users/philipkraaijenbrink/tools:mapping,2
users/gena/packages:geometry,78
users/rfernand387/LEAFToolboxModules:SL2PNetwork,3
users/yang/public:bulc/bulc_current,214
users/cardillelab/default:temp/iteratescoping,1
users/clelabbulc/r-3200-Merging-BULC-C2C:3213/2943d-parameters-BULC-SLIMS,1
users/clelabbulc/r-3200-Merging-BULC-C2C:afn_SLIMS,20
users/clelabbulc/r-3200-Merging-BULC-C2C:3213/2943c-parameters-BULC-SLIMS,15
users/clelabbulc/r-3200-Merging-BULC-C2C:3207c/3207-SieveThresholder-23c-parameters,2
users/HOME--hazel/StageProjects:BULC/1a_Priscilla_2000_BU_2940-2-4-parameters_SingleYear,1
users/HOME--hazel/StageProjects:BULC/1b_Priscilla_2010_BU_2940-2-4-parameters_SingleYear,1
users/HOME--hazel/StageProjects:BULC/1c_Priscilla_2015_BU_2940-2-4-parameters_SingleYear,1
users/HOME--hazel/StageProjects:BULC/2a_Priscilla_2000_B_2940-2-4-parameters_SingleYear,1
users/HOME--hazel/StageProjects:BULC/2b_Priscilla_2010_B_2940-2-4-parameters_SingleYear,1
users/HOME--hazel/StageProjects:BULC/2c_Priscilla_2015_B_2940-2-4-parameters_SingleYear,1
users/HOME--hazel/StageProjects:BULC/3a_Priscilla_BU_2940-2-4-parameters_AllYears,1
users/HOME--hazel/StageProjects:BULC/3b_Priscilla_B_2940-2-4-parameters_AllYears,1
users/HOME--hazel/StageProjects:BULC/4a_Priscilla_BU_2940-2-4-parameters_AllYears_SupervisedUnsupervised,1
users/HOME--hazel/StageProjects:BULC/4b_Priscilla_BU_2940-2-4-parameters_AllYears_SupervisedUnsupervised,1
users/mortcanty/changedetection:imad,10
users/mortcanty/changedetection:utilities,16
users/JThissen/ThesisScripts:HistoricalCompositeGeneration,1
users/JThissen/ThesisScripts:WaterOccurrenceComposite,8
users/JThissen/ThesisScripts:MAIN,1
users/alemlakes/CommonCode:501.PixelCounts/501.Module.PixelCounts,142
users/alemlakes/CommonCode:503.Overlays/503.Module.Overlaying,56
users/alemlakes/CommonCode:504.Utilities/504.Utilities,111
users/alemlakes/CommonCode:506.Viewers/506a.Animation,82
users/alemlakes/CommonCode:508.ImageManipulations/508b.ErodeAndDilate,105
users/clelabbulc/r-3200-Merging-BULC-C2C:mapStyles,13
users/clelabbulc/r-3200-Merging-BULC-C2C:3205/BULC/2955-1-VariabilitySifter-parameters-5,1
users/vieiramesquita/LAPIG-GEE:CURSO_GEE_LAPIG/UTILITARIOS,332
users/yanchojo/BVC_MMM_V4/:modules/rf_classer,2
users/yanchojo/BVC_MMM_V4/:modules/input_correlation,1
users/yanchojo/BVC_MMM_V4/:modules/spec_area,2
users/yanchojo/BVC_MMM_V4/:modules/contemporary_imagery,2
users/yanchojo/BVC_MMM_V4/:modules/historic_imagery,2
users/yanchojo/BVC_MMM_V4/:modules/MNDWI_tidal_function,2
users/yanchojo/BVC_MMM_V4/:modules/indices,2
users/yanchojo/BVC_MMM_V4/:modules/draw_tool,1
users/yanchojo/BVC_MMM_V4/:modules/known_mangroves,1
users/yanchojo/BVC_MMM_V4/:modules/coastline,1
users/yanchojo/BVC_MMM_V4/:modules/topography,1
users/yanchojo/BVC_MMM_V4/:modules/mangrove_buff,1
users/yanchojo/BVC_MMM_V4/:modules/water_mask,1
users/yanchojo/BVC_MMM_V4/:modules/fringe_mang,1
users/yanchojo/BVC_MMM_V4/:modules/evaluation,1
users/229149392119gm/glacierMapping:Modules/Utils,1
users/ChaplinChan/default:visParams,2
users/ChaplinChan/Indufor_development:Modules/LandTrendr.js,1
users/rfernand387/exports:GSrichard,2
users/USFS_GTAC/modules:getImagesLib.js,141
users/KarisTenneson/BurnedBiomass:config,2
users/SEEGMapBiomas/Chaco_col1:coleccion-2/libs/utils.js,4
users/SEEGMapBiomas/Chaco_col1:coleccion-2/libs/time-series.js,4
users/MapBiomasAR/coleccion-2:/libs/utils.js,2
users/andreasvollrath/radar:s1Lib.js,24
users/andreasvollrath/radar:sarLib.js,27
users/andreasvollrath/radar:s1MtLib.js,10
users/mitchest/global_reefs_modules:reef_params,2
users/gena/packages:ui,19
users/rodbio2008/myJSTraining:RBAutils/ui,1
users/gena/packages:image-view,13
users/KarisTenneson/GoldMining:Modules/Omnibus_Qtest,1
users/KarisTenneson/GoldMining:Modules/Utilities,1
users/luciovilla/develop:Modules/omnibusTest_v1.1,2
users/luciovilla/develop:Modules/utilities_v1.1,2
projects/GLANCE:ccdcUtilities/api,420
users/andreasvollrath/radar:slope_correction_lib.js,62
users/fissadc/coded:SADC_miscUtils,5
users/myUserName/Default:slope_correction_module.js,3
users/saquist/MGI_Thesis_LC_Change:BFAST_Mon/BFASTMonImageColAdaptation,1
users/marcyinfeng/Toa2Lai:S2_Toa2Lai,147
users/collectearth/ce_scripts:frames_sentinel_slider_v1,1
users/gena/packages:gallery,13
users/ChaplinChan/Indufor_development:Andrew/Modules/RLspeckleFilter,2
users/ChaplinChan/Indufor_development:Andrew/Modules/imgColAnimate,4
users/ChaplinChan/Indufor_development:Andrew/Modules/topoCorrection,5
users/ChaplinChan/Indufor_development:Andrew/Modules/S1adaptiveFilters,1
users/ChaplinChan/Indufor_development:FPC/Module,3
users/ChaplinChan/Indufor_development:Andrew/Modules/S2cloudScore,1
users/ChaplinChan/Indufor_development:KT/Shared_data,1
users/ChaplinChan/Indufor_development:BFP/Module,1
users/ChaplinChan/Indufor_development:Andrew/Modules/imgNorm,1
users/yang/public:ccdc_utils,1
users/julianoeser/landsat_utils:landsat_collect2,6
users/julianoeser/landsat_utils:landsat_indices,6
users/julianoeser/landsat_utils:export,5
users/zhangby/library:general,24
users/zhangby/library:timeSeries,21
users/zhangby/library:Landsat/getLandsat,26
users/zhangby/library:MODIS/getMODIS,26
users/zhangby/library:Sentinel/getSentinel,25
users/zhangby2/library:XDA,4
projects/AREA2/public:utilities/estimators,51
users/retinta/LandTrendR:Utilities_LandTrendR,35
users/ramblingrek/share:nepal/LandTrendr_V2.4nepal.js,1
users/ramblingrek/marble:nepal/LandTrendr_V2.4nepal.js,1
users/leofabiop120/GEF-6:addIndices,6
users/leofabiop120/GEF-6:Muestre_Clasificacion_Fire,6
users/leofabiop120/GEF-6:Muestre_Clasificacion_Fire_v2,6
users/mangroves_rouzicelie/scripts:__functions__,1
users/mangroves_rouzicelie/scripts:PCA,1
users/mangroves_rouzicelie/scripts:PCA_seasons,1
users/retinta/Tutorials:LT_Utilities_NDFI,20
users/tl2581/packages:baseMap.js,25
users/Water_Delineation/water:Functions,3
users/iglushko/PotReforest:main_EUR,1
users/iglushko/PotReforest:main_Rus,1
users/gena/packages:charting,33
users/jeffjeff20072/hackthon_modual:Mapp.js,51
users/lijin01885/mrc:02covariate/covariate_module,51
users/ayronnzago/uteis:mascarasnuvem,3
users/deabelle/Uruguay_2020:LULC/utils_uru.js,2
users/deabelle/Uruguay_2020:LULC/time-series.js,7
users/bullocke/coded:coded/regressionUtils,3
users/bullocke/coded:coded/changeUtils,2
users/bullocke/coded:coded/classUtils,1
users/bullocke/coded:api,13
projects/GLANCE:ccdcUtilities/ui_eric,22
projects/GLANCE:ccdcUtilities/stats.js,2
projects/GLANCE:ccdcUtilities/inputs.js,21
projects/GLANCE:ccdcUtilities/dates.js,30
projects/GLANCE:ccdcUtilities/ccdc.js,36
users/torrezaffaroni/SAT:utils_local,1
users/fitoprincipe/deforestation:helpers,3
users/fitoprincipe/deforestation:main,1
users/fitoprincipe/deforestation:satellites,1
users/fitoprincipe/deforestation:funciones,1
users/fitoprincipe/geetools:indexes,2
users/gowriuday/sultanbathery:train_samples_sultan,4
users/marceloarvore/FAO-GAUL-2015_2014_2,1
users/sanchezpaus/TCI_Projects:Common/SnowCover,2
users/openforisinitiative/EarthMap:Utils/CCI_LC_Map,24
users/devinrouth/toolbox:k-Fold_Cross_Validation_with_Exports.js,7
users/devinrouth/toolbox:k-Fold_Cross_Validation_with_Exports,1
users/julianoeser/landsat_utils:landsat_collect,1
users/rsliuxk/Agrors_Classify:phenology_prepocess,1
users/rsliuxk/Agrors_Classify:multispectral_prepocess,1
users/rsliuxk/Agrors_Classify:radar_prepocess,1
users/rsliuxk/Agrors_Classify:reveal_model,1
users/rsliuxk/Agrors_Classify:addbands_coefficient,1
users/rsliuxk/Agrors_Classify:fitting_data,1
users/rsliuxk/Agrors_Classify:phenology_characters,1
users/rsliuxk/Agrors_Classify:multispectral_characters,1
users/rsliuxk/Agrors_Classify:radar_characters,1
users/rsliuxk/Agrors_Classify:postpocess,1
users/cugplus/home:demo/segmentGeometry,1
users/sz456930/freq:main.js,1
users/sz456930/freq:thresholding.js,1
users/sz456930/freq:filtering.js,1
users/kongdd/pkgs:Math/LinearRegression.js,6
users/vandonin/lib:arr_interpol.js,2
users/khanalnishant/RLCMS:CreateComposites/5_compositeMetric,4
users/dymwan/Research:Sentinel1Processor/process/refinedLeeFilter,1
users/dymwan/Research:Sentinel1Processor/process/studyArea,1
users/fitoprincipe/geetools:widgets,6
users/apoortinga/landcoverS2:covariate_module,10
users/GHX/share:function_Library.js,20
users/jstnbraaten/modules:msslib/msslib.js,5
users/alemlakes/CommonCode:508.ImageManipulations/508a.normalizations,2
users/wiell/temporalSegmentation:temporalSegmentation,99
users/juandb/SIRAD_MODS:SAR_TBX,6
users/deepakna/mids_w210_irrigated_cropland:v4/diffStyle.js,1
users/deepakna/mids_w210_irrigated_cropland:v4/confusionMatrix.js,1
users/mapbiomas/modules:Logos.js,61
users/joaovsiqueira1/packages:Mapp.js,53
users/joaovsiqueira1/packages:Legend.js,65
users/swemarco/modules:S1_OrbitMajorityFilter_VV-VH-VVVH_Median,1
users/swemarco/modules:S1_OrbitMajorityFilter_VV-VH-VVVH_Collection,1
users/swemarco/modules:S2_CloudFilter,1
users/swemarco/modules:OtsuModule,1
users/joaovsiqueira1/packages:ColorRamp.js,32
users/frederickirchhoff/agua_paper_2:module_mapbiomas_agua_2020,19
users/frederickirchhoff/shortcuts:legendize_background_position,3
users/frederickirchhoff/shortcuts:legendyze_background_position,6
users/jeffjeff20072/hackthon_modual:Map.js,3
users/joaovsiqueira1/packages:DataBase.js,2
projects/GLANCE:ccdcUtilities/inputs,41
users/parevalo_bu/default:LandTrendr.js,2
projects/GLANCE:ccdcUtilities/ui,60
projects/GLANCE:ccdcUtilities/dates,119
projects/GLANCE:APPS/app/classify,2
projects/GLANCE:glance/submit/classification/V1/params,5
projects/GLANCE:ccdcUtilities/results,3
projects/GLANCE:ccdcUtilities/utils,3
projects/GLANCE:ccdcUtilities/ccdc,75
projects/GLANCE:ccdcUtilities/classification,51
projects/GLANCE:glance/parameters/default,1
projects/GLANCE:ccdcUtilities/terrain,9
projects/GLANCE:ccdcUtilities/misc,20
projects/GLANCE:ccdcUtilities/classification.js,28
users/parevalo_bu/biomass:functions,16
projects/GLANCE:ccdcUtilities/results.js,3
projects/GLANCE:ccdcUtilities/change.js,4
users/openmrv/MRV:ChangeDetection/LandTrendr_V2.4WB.js,156
projects/GLANCE:ccdcUtilities/terrain.js,5
users/sanchezpaus/utils:grid/gaul,1
users/gena/packages:grid,50
users/fitoprincipe/geetools:composite,10
users/kelmarkert/hydrafloods:main.js,16
users/servirbz/packages:gapfill_l7_bz,5
users/servirbz/packages:bz/bz,16
users/servirbz/packages:img_optical,11
users/servirbz/packages:borrowed/anim_gena,3
users/servirbz/packages:mcd43a4_glob1,6
users/eeblogdemos/moduleDemo:composites,12
users/aazuspan/geeSharp:sharpening.js,11
users/johnstongonzalez/modules:modules,2
users/johnstongonzalez/Pacific:modules,6
users/engcnalmeida/gee_advanced/:2_modules/2_my_module_rainfall,1
users/marcosrosa/MapBiomas_Arida:biblioteca/calcula_indices,1
users/marcosrosa/MapBiomas_Arida:biblioteca/remove_cloud_TDOM,1
users/marcosrosa/MapBiomas_Arida:biblioteca/ImageColl_LandsatTOA_col1,1
users/nexgenmap/packages:planetTools,22
cloudMask,1
users/leofabiop120/SENTINEL:importS2_module,10
users/leofabiop120/SENTINEL:cloud_module,10
users/leofabiop120/SENTINEL:shadowMask_module,10
users/leofabiop120/SENTINEL:brdf_module,10
users/leofabiop120/SENTINEL:topographic_module,10
users/efrainduarte/modulo_2_PMSB:Magnitud_Cambio,2
users/sysuwuzl6/publicTools:getLandsat8_Col,3
users/Laura_Chow77/default:utils/getGrids,1
users/comingboy1118/ccdc:model3.js,1
users/comingboy0701/t20181223CCDC:train2.js,1
users/comingboy0701/t20181223CCDC:train.js,1
users/hemitshah/CANADA_NALCMS_2010_tiles,1
users/mengyy225/library:general2,1
users/allredbw/tcnShare:tcn/landsatGridmet.js,1
users/eeProject/RivWidthCloudPaper:functions_Landsat578/functions_waterClassification_Jones2019.js,34
users/eeProject/RivWidthCloudPaper:functions_Landsat578/functions_waterClassification_Zou2018.js,13
users/sabrinaszeto/Ucross:CVA/CVA_UI_Willow_Creek_1985,1
users/sabrinaszeto/Ucross:CVA/CVA_UI_WY_040418_Padlock_Only,1
users/sabrinaszeto/Ucross:Stratifi/global_10292018_s,1
users/sabrinaszeto/Ucross:Stratifi/stratifi_v_mongolia,1
users/sabrinaszeto/Ucross:Stratifi/stratifi_single_panel_040118,1
users/openforisinitiative/EarthMap:Utils/GenerateTrendMaps,21
users/openforisinitiative/EarthMap:Utils/WaterMask,19
users/openforisinitiative/EarthMap:Utils/palette,22
users/openforisinitiative/EarthMap:Common/ECMWFLandPrecipitationMaps,10
users/openforisinitiative/EarthMap:Common/PotentialEvapotranspiration,19
users/chenynnu/work:Graduation/Function,2
projects/AREA2/public:utilities/sampling,23
users/servirmekong/mrc:covariate_module,16
projects/AREA2/public:utilities/plotting,18
users/KarisTenneson/ForestDegradation:ShiftingCultivation/01_Tree_Rotation,2
users/KarisTenneson/ForestDegradation:ShiftingCultivation/03_Primary_Forest,2
users/dsaah/SIG-EE:Workshops/Laos/ShiftingCultivation/01_Tree_Rotation,3
users/dsaah/SIG-EE:Workshops/Laos/ShiftingCultivation/03_Primary_Forest,3
users/marcyinfeng/SIAC:S2_cloud,5
users/marcyinfeng/SIAC:Sen2Cloud,5
users/marcyinfeng/SIAC:Inverse_6S_AOT_brdf,5
users/marcyinfeng/SIAC:Inverse_S2_TCWV,5
users/marcyinfeng/SIAC:get_kernel,5
users/marcyinfeng/SIAC:interp_MCD43A1,5
users/marcyinfeng/SIAC:Two_NN,6
users/marcyinfeng/SIAC:S2B_AC,5
users/marcyinfeng/SIAC:AC_processor,6
users/emaprlab/public:LT-data-download/LandTrendr_V2.5D.js,3
users/emaprlab/public:TimeSync/TimeSync-Plus/ee-lcb-tsp.js,6
users/collectearth/ce_scripts:frames_africa_deal,1
users/emaprlab/public:LT-data-download/LandTrendr_V2.4.js,9
users/emaprlab/public:LT-data-download/LandTrendr-UI_V2.4.js,6
users/stormwaterheatmap/apps:Modules/datasets,14
users/stormwaterheatmap/Modules:datasets,1
users/stormwaterheatmap/Modules:chart,2
users/stormwaterheatmap/Modules:legends,2
users/stormwaterheatmap/Modules:mapStyles,2
users/stormwaterheatmap/apps:Modules/Style,11
users/stormwaterheatmap/apps:Modules/chart,7
users/stormwaterheatmap/apps:Modules/legends,7
users/stormwaterheatmap/apps:hrus/series000-012,1
users/stormwaterheatmap/apps:hrus/series020-102,1
users/stormwaterheatmap/apps:hrus/series110-122,1
users/stormwaterheatmap/apps:hrus/series200-212,1
users/stormwaterheatmap/apps:hrus/series220-250,1
users/stormwaterheatmap/apps:hrus/series251-252,1
users/stormwaterheatmap/apps:Modules/helpers,1
users/stormwaterheatmap/apps:Modules/layerProperties,2
users/stormwaterheatmap/apps:Modules/mapStyles,2
users/stormwaterheatmap/apps:Modules/pieChartSnippetwithExport,2
users/stormwaterheatmap/apps:Modules/Cards,2
users/sanchezpauspro/Apps:EmergencyCompareInternal,1
users/sanchezpauspro/Apps:PolygonDrawing,5
users/sanchezpaus/FRA:FRA_v1,1
users/sanchezpaus/TCI_Projects:Utils/palette,3
users/fhtetfs/SDS:SharedFunctions/getStatesYearsDates,14
users/fhtetfs/SDS:sharedFunctions/getStatesYearsDates,1
users/fhtetfs/SDS:sharedFunctions/getAssetsExist,3
users/fhtetfs/SDS:SharedFunctions/getAssetsExist,9
users/fhtetfs/randyfroshusda/testing:sharedFunctions/getAssetsExist,5
users/fhtetfs/SDS:getStatesYearsDates,2
users/fhtetfs/SDS/:sharedFunctions/getStatesYearsDates,2
users/coolearthrs/rstoolbox:Modules/hansenForestLoss,5
users/fork/coolroofs:regions_of_interest,3
users/fork/albedo:deprecated_Sentinel-2,1
users/beccamilman/experimental:coregistration.js,1
users/fork/utilities:geometry,1
users/StrongSun/CCDC4:ccdcUtilize/api,6
users/StrongSun/CCDC4:ccdcUtilize/ccdc.js,1
users/StrongSun/CCDC4:tools/SplitIntoGrids,2
users/waaawowzzz/packages:Norm_F,2
users/herciloodorico/NDVI_teste:modules/region,14
users/herciloodorico/NDVI_teste:modules/classify,8
users/herciloodorico/NDVI_teste:modules/features,7
users/herciloodorico/NDVI_teste:modules/visualise,14
users/herciloodorico/NDVI_teste:modules/buffer,5
users/herciloodorico/NDVI_teste:modules/postprocess,2
users/herciloodorico/NDVI_teste:modules/legend,3
users/herciloodorico/NDVI_teste:modules/mask,2
users/herciloodorico/NDVI_teste:modules/composite,2
users/herciloodorico/NDVI_teste:modules/IO,2
users/herciloodorico/NDVI_teste:modules/UI,2
projects/crisis-wildfires/default:delineation/goes_data,1
users/fitoprincipe/geebap:scores,10
users/collectearth/ce_scripts:common/other_indices,5
users/collectearth/ce_scripts:common/sentinel2,14
users/collectearth/ce_scripts:common/aster,8
users/bullocke/ccdcS1:slope_correction_lib.js,3
users/devinrouth/share:k-Fold_Cross_Validation.js,5
users/codetest/multi_fusion:SentinelToLandsat,3
users/codetest/multi_fusion:fusion_function,11
users/codetest/phenology:function,8
users/ingmarnitze/default:Modules/utils,1
users/ingmarnitze/default:Modules/ms_indices,2
users/ingmarnitze/default:Modules/S1-toolbox,3
users/ingmarnitze/HotSpots:modules/high_level_functions,1
users/ingmarnitze/HotSpots:modules/utils_plot,1
users/ingmarnitze/HotSpots:modules/utils_Landsat_SR,1
users/ingmarnitze/share_modules:utils,1
users/jamesbrinkhoff/jbpub:jbob,16
users/earthmapps/public:methods/S1_viewer.js,1
users/earthmapps/public:colormaps.js,1
users/salmanddd14/AFungsi:GUI_GEE.js,31
users/pauldbeurs/modules:modules/Tashkent.js,2
users/pauldebeurs/modules:Tashkent.js,3
users/pauldebeurs/modules:RTE.js,3
users/pauldebeurs/modules:AsterEmissivity.js,3
users/pauldebeurs/modules:Mask.js,4
users/pauldebeurs/modules:modules/Tashkent.js,1
users/pauldebeurs/modules:modules/RTE.js,1
users/pauldebeurs/modules:modules/AsterEmissivity.js,1
users/pauldebeurs/modules:modules/Mask.js,1
users/sullamenashe/git:TSTools/ts_fxns,1
users/thiagosfsilva/modules:LScloudmask,2
users/thiagosfsilva/modules:S2cloudmask,1
users/marcyinfeng/SIAC:SIAC_AC_ALL,37
users/sabrinacorrea/radar1:SBTX_Juan,3
users/ruegdeg/share:sentinel_indices,1
users/emmatebbs/default:misc/landsat_qa_cloud_mask,1
users/lawrences/slh:lib/process.js,4
users/lawrences/slh:lib/products.js,4
users/zhanzhou_qibin/public_function:/pretreatment.js,6
users/zhanzhou_qibin/public_function:/dateseq,6
users/zhanzhou_qibin/copy_sofiaermida:modules/Landsat_LST.js,2
users/zhanzhou_qibin/copy_sofiaermida:modules/broadband_emiss.js,2
users/kindgard/geoFRA:common/utils.js,3
users/kindgard/geoFRA:common/imageGenerator.js,2
users/kindgard/geoFRA:common/variables.js,2
users/kindgard/geoFRA:common/panels.js,3
users/kindgard/geoFRA:common/i18n.js,3
users/kindgard/geoFRA:common/errors.js,1
users/salmanddd14/AFungsi:AreaName.js,31
users/salmanddd14/AFungsi_1:GUI_GEE.js,23
users/salmanddd14/AFungsi:DD_Util_1.js,7
users/salmanddd14/AFungsi_1:Waktu.js,15
users/salmanddd14/AFungsi_1:OlhCitra.js,27
users/salmanddd14/AFungsi_1:AreaName.js,7
users/bullocke/coded:v0.2/changeDetection,1
users/leobeckerdaluz/facilidades_GEE:gif_datas,2
users/joaovsiqueira1/project-ecuador:Modules/PreProcessing.js,2
users/nexgenmap/packages:intercalibration,19
users/nexgenmap/packages:gui,4
users/diimanut/itv:Passo008_acuracia_class_2017_Pampa_Regioes_function.js,2
users/schirmbeckj/MapBiomas:Coll06/Passo019_Mapa_Diferencas_Classe_v02.js,7
users/mapbiomas/modules:PostClassification.js,5
users/diimanut/itv:MODULES/cloud_aoi.js,11
users/diimanut/SIMEX:MODULES/getPalettes.js,2
users/diimanut/SIMEX:MODULES/getIndexes.js,2
users/diimanut/SIMEX:MODULES/getCollection.js,2
users/diimanut/SIMEX:MODULES/renameBands.js,2
users/joaovsiqueira1/packages:Enhance.js,39
users/diimanut/itv:MODULES/get_collection.js,8
users/diimanut/itv:MODULES/rename_bands.js,8
users/diimanut/itv:MODULES/get_indexes.js,8
users/diimanut/itv:MODULES/cloud_shadow_detection.js,8
users/diimanut/itv:MODULES/get_palettes.js,8
users/dyedenterras/terras-monitoramento:lib/image_tm,15
users/mapbiomas/modules:Legend.js,5
users/schirmbeckj/PampaTriNacional:Utils/utils_Pampa.js,1
users/schirmbeckj/PampaTriNacional:Utils/time_series.js,1
users/nanshany1993/common:Landsat_16d,4
projects/geo-3d/default:modules/alignment_utils.js,1
projects/geo-3d/default:modules/cet_color_maps.js,1
projects/geo-3d/default:modules/visualization_utils.js,1
projects/geo-3d/default:modules/sorting_utils.js,10
projects/geo-3d/default:federation/geo_3d_source.js,13
projects/geo-3d/default:federation/scene_understanding_source.js,1
users/bagnato/publico:InterpoladorDDK,2
users/zhuoerbufan8023/S1_test:slope_correct,3
users/xjtang/cms:pantropic/utilities,3
users/shijuanchen32/CMS_share:utilities,2
users/breadboard/curio-canopy:utils.js,1
users/kristofvantricht/s2_biopar:biopar,10
users/wangmmcug/landsat_psc_lst:modules/Landsat_LST_ScenceAttribute.js,4
users/ldimaggio/seasonality/:norm_fft/normalize_fft,2
projects/GLANCE:Tutorial/params.js,3
users/USFS_GTAC/modules:changeDetectionLib.js,64
users/ianhousman/Ecuador:changeDetectionLibTemp.js,15
users/apoortinga/Ecuador:addCovariates,10
users/apoortinga/EcuadorLandsat8:importLS8_module,3
users/apoortinga/EcuadorLandsat8:shadowMask_module,3
users/apoortinga/EcuadorLandsat8:cloud_module,3
users/apoortinga/EcuadorLandsat8:brdf_module,3
users/apoortinga/EcuadorLandsat8:terrain_module,3
users/apoortinga/EcuadorLandsat8:composite_module,3
users/apoortinga/EcuadorLandsat8:export_module,3
users/johanvandenhoogen/toolbox:gapFillAndExtendBounds.js,1
users/wangyxtina/Belem_workshop:SENSE101/packages,2
users/marcyinfeng/utils/:/SIAC,3
users/marcyinfeng/utils:smoother,3
users/marcyinfeng/utils:non_uniform_smoother,2
users/chongluo1993/FALLOW_SENTINEL2:importS2_module,1
users/chongluo1993/FALLOW_SENTINEL2:cloud_module,1
users/emaprlab/biomass_app:biomass_app.js,1
users/emaprlab/biomass_app:ca_biomass_handlers.js,1
users/andrew84555/modules:imgColAnimate,2
users/cduthes/public-hub:RSEI,2
users/cduthes/public-hub:interpolate_RSEI,2
users/cduthes/public-hub:PCA,2
users/dyedenterras/default:infraurbana_c3_2/landsat,6
users/dyedenterras/default:infraurbana_c3_2/samples_infra,6
users/dyedenterras/default:infraurbana_c3_2/cartas_infraestrutura,6
users/diegosilva/TerrasMonitoramento:Indexes.js,4
users/breno_malheiros/terras:classification_lib.js,18
users/breno_malheiros/terras:index_lib.js,17
users/breno_malheiros/terras:indexes.js,18
users/breno_malheiros/terras:collection.js,16
users/breno_malheiros/terras:rename_bands.js,16
users/breno_malheiros/terras:landsat_lib.js,3
users/breno_malheiros/MapBiomas:Planet-Col6/classification_lib.js,1
users/breno_malheiros/MapBiomas:Planet-Col6/Planet_indexes.js,1
users/breno_malheiros/MapBiomas:Sentinel2-Col6/Sentinel2_indexes.js,3
users/breno_malheiros/MapBiomas:Sentinel2-Col6/classification_lib.js,1
users/glarrea/tesis_roads:data_preparation,2
users/glarrea/tesis_roads:data_ingestion_unprojected,2
users/manuelquintanilla/agrospace:cloudcover/s2cloudless,1
users/kolesovdm/ALARM:Utils/timeUtils,1
users/kolesovdm/Utils:cloudDetector/Sentinel2/detector,1
users/ivfilippov83/UTILS:/00_ImagesPreparation,1
users/earthengineavral/ALARM:config,4
users/earthengineavral/ALARM:Neural/trainedNet,1
users/earthengineavral/ALARM:Sampler/samplePolygon,1
users/earthengineavral/ALARM:Utils/timeUtils,3
users/earthengineavral/ALARM:Preprocessor/Selector,1
users/hpcvd1067583/batch:validation/api,7
users/hpcvd1067583/batch:validation/ui,7
users/hpcvd1067583/batch:validation/inputs.js,5
users/gisliuwei/public/CCDC/classification.js,2
users/gisliuwei/public/CCDC/ccdc.js,4
users/gisliuwei/public/CCDC/inputs.js,4
users/gisliuwei/public/CCDC/dates.js,6
users/gisliuwei/public/CCDC/change.js,2
users/gisliuwei/public/CCDC/stats.js,2
users/gisliuwei/public:CCDC/dates.js,2
users/gisliuwei/public:CCDC/ccdc.js,2
users/gisliuwei/public:CCDC/inputs.js,3
users/loganbyers/lib:geoBoundaries,5
users/loganbyers/lib:lib_cities360,5
users/brookwilliams/utils:apps/legend,22
users/brookwilliams/public:ulu/constants,1
users/brookwilliams/public:ulu/pilot_regions,1
users/brookwilliams/public:ulu/utils,1
users/brookwilliams/utils:images/helpers,1
users/clarype/emapr:Mods/LandTrendr-UI_V2.4.js,3
users/clarype/emapr:Development/LandTrendr_V2.5D.js,9
users/apoortinga/landcoverLandsat:brdf_module,18
users/apoortinga/landcoverLandsat:topographic_module,16
users/mapbiomas/mapbiomas-mosaics:modules/BandNames.js,14
users/brookwilliams/utils:apps/utils,1
users/brookwilliams/public:dynamicworld,1
users/DEVELOP_Geoinformatics:NASA_DEVELOP_Code_Examples/Starter_toolboxes/masking_toolbox/cloudmasks,1
users/DEVELOP_Geoinformatics/NASA_DEVELOP_Code_Examples:Starter_toolboxes/masking_toolbox/waterMask,1
users/cz/DLR_DroughtADAPT:00_S1_SpeckleFilter,2
users/igac/ciaf_CambiosConstruccionesRural:5_aplicativo/desarrollo/final/v15/config,2
users/veget_indexes/Ciencia_Brasil_TNC:Jailson/funcoes_auxiliares_processamento.js,2
users/boothmanrylan/tools:sequencer,1
users/google/app-creator:app-creator-deserializer,1
users/openforisinitiative/EarthMap:Results/Portal/Charts,4
users/openforisinitiative/EarthMap:Utils/LandCoverMap,109
users/openforisinitiative/EarthMap:Utils/PROBA_V_LC_Map,17
users/jstnbraaten/modules:rgb-timeseries/rgb-timeseries.js,2
users/gena/eo-bathymetry:bathymetry.js,8
users/gena/packages:tiler,7
users/gena/packages:applications/bathymetry.js,1
users/ermaure/gew:cepMap,1
users/ermaure/gew:trendMap,1
users/ermaure/gew:alphaMap,1
users/ermaure/gew:annuMax,1
users/collectearth/ce_scripts:frames_landsat_v1,1
users/frederickirchhoff/NexGen:UTILITARIOS,2
users/evandro/donpatrol:UTILITARIOS,1
users/frederickirchhoff/shortcuts:legendize,4
users/wwfrioparaguai/swsc2:layers_swsc_3,16
users/wwfrioparaguai/swsc2:layers_swsc_2,11
users/geomapeamentoipam/GT_Fogo_MapBiomas:2_Colecao_1.0_2021/module-blockList,2
users/schirmbeckj/MapBiomas:Coll05_final/Coll05/Passo008_acuracia_class_2017_Pampa_Regioes_function.js,1
users/ocsgeospatial/functions:s2_masks.js,3
users/ocsgeospatial/functions:composites.js,2
users/ocsgeospatial/functions:dtw.js,2
./training,1
path,5
users/lastrye/APP:/SpeckleFilter/refinedLee,1
users/lastrye/APP:/Applications/UrbanMaskByImage,1
users/cugsgl/cropfallow:segment_function,2
users/sanchezpaus/utils:grid/toolGrid,10
users/jnole/ClasificationRF:Serie,60
users/jnole/ClasificationRF:RevManualmapA,1
users/RRBM/default:Modules/Funciones,2
users/jnole/PcaLib:PrinGene,3
users/GEE-RRBM/consultoria:librerias/misc,1
users/GEE-RRBM/consultoria:librerias/miscUtils,1
users/google/toolkits:landcover/impl/named-args.js,1
users/andreasvollrath/radar:s1Lib3.0.js,4
users/andreasvollrath/radar:s1MtLib2.0.js,7
users/aazuspan/geeSharp:quality.js,2
users/archangelenoch/pol:fun,5
users/lorenzodesimone/DISAGGREGATION:Disaggregation_countries,1
users/juandb/SAR_TBX:SAR_TBX,3
users/kongdd/public:pkg_VI.js,1
users/qrongshen/first-practice:Module/Function,30
users/xianda19/function:shen_Function,1
users/xianda19/function:shen_GetImage,1
users/xianda19/function:shen_linearInterpolate,1
users/xianda19/function:GetImage,1
users/marcyinfeng/shared:smoother,118
users/niujsdige/Function:Function/Statistics/zonalStatistics,10
users/qrongshen/first-practice:Module/GetImage,19
users/niujsdige/whecla:Function/BaseFunc,4
users/niujsdige/shared:SharedFunction/ClaFunction,2
users/niujsdige/shared:SharedFunction/sqrFunction,2
users/niujsdige/shared:SharedFunction/GetImage,2
users/marcyinfeng/shared:NN_cloud,84
users/niujsdige/sharedFunc:SharedFunction/BaseFunc,13
users/niujsdige/shared:Function/sqrFunction,5
users/niujsdige/whecla:Function/baseFunction,4
users/nanshany1993/common:sentinel1,4
users/nanshany1993/collect_Earth:common/ui,7
users/thanhgeevn/default:LandTrendr_copy2.js,1
users/thanhgeevn/changes:LandTrendr.js,1
users/gulandras90/sentinel2_32day:vegetationIndex,1
users/gulandras90/inlandExcessWater:inputDate,1
users/alemlakes/CommonCode:510.ArrayOperations/510a.ArrayOperations,5
users/alemlakes/CommonCode:502.8-Binning/502.8-Binning-5,7
users/alemlakes/CommonCode:/513.waterMask/513-waterMask,12
users/,1
users/alemlakes/r-2901-BULC-Dev:BULC-Z/2021/StageU-HarmonicPrep/BULC-Minimal-Parameters-107,5
users/alemlakes/r-2900-BULC-Dev:BULC-Continuous/BULC-SLIMS/2-Ongoing/afn_SLIMS_v10,1
users/alemlakes/r-2900-BULC-Dev:BULC-Continuous/BULC-SLIMS/2-Ongoing/afn_SLIMS_v8,1
users/bdv/s1flood:dswe,5
users/bdv/zscore,3
users/johannanelson99/default:Colombia_planet_imagery,1
users/johannanelson99/default:S2cloudless_google_alg,1
users/mlt2177/IRI:Sentinel-1FloodMapping/S1Algorithm,1
users/jnole/Roads:Mosaico,47
users/jnole/PerdidaLib:PerdidaTest,22
users/jnole/ClasificationRF:RasterMerge,1
users/jnole/ClasificationRF:Classificador,7
users/clarype/LT-Change-DB:Landtrendr_DB.js,2
users/cool-roofs/default:utilities/geometry.js,1
users/cool-roofs/default:utilities/sentinel_2.js,1
users/cool-roofs/default:utilities/landsat_8.js,1
users/cool-roofs/default:utilities/regions_of_interest.js,1
users/shijuanchen32/forest_degradation_georgia:utilities/ccdc_SMA,2
users/leal_philipe/Temporal_reductions:/get_byMonth_and_Year,4
users/leal_philipe/Match_Ups:/Space_Time_Reduction/Space_time_Reduction,16
users/leal_philipe/submodules:/stacking_multiple_images_as_bands,14
users/leal_philipe/submodules:/get_byMonth_and_Year,2
users/leal_philipe/open_modules/:cmaps/cmaps,2
users/leal_philipe/Spectral_UnMixing/:utils/roi,3
users/leal_philipe/Spectral_UnMixing/:utils/videos/endMembers_subtitles,1
users/leal_philipe/Spectral_UnMixing/:apply_endmember,1
users/leal_philipe/Spectral_UnMixing/:utils/Datasets/LandSat5/preprocessing_routines,1
users/leal_philipe/Spectral_UnMixing/:utils/Datasets/LandSat7/preprocessing_routines,1
users/leal_philipe/Spectral_UnMixing/:utils/Datasets/LandSat8/preprocessing_routines,1
users/jonasjunnior/Modules:grids,10
users/wwfrioparaguai/amz:layers_swsc_2,1
users/wwfrioparaguai/swsc2:layers_swsc_test,8
users/wwfrioparaguai/swsc2:layers_module,10
users/brunoferreira/gtagua_base:module_mapbiomas_agua_2021,3
users/sad_multisensor/modules:col,32
users/sad_multisensor/modules:csm,32
users/sad_multisensor/modules:pre,32
users/sad_multisensor/modules:sma,32
users/sad_multisensor/modules:rnb,32
users/marcelojustino/SWSC:classification_2013,1
users/jonasjunnior/mpf_dados:label_scale,3
users/joaovsiqueira1/project-ecuador:Modules/SMA_NDFI.js,7
users/CartasSol/package:nextgenmap/guiClass.js,1
users/diegosilva/next-gen-map:intercalibration_2.js,1
users/imazon/sad:3.pos_process/3.1.exportAlerts_part1,1
users/sad_multisensor/modules:alert_def,2
users/kongdd/pkgs:src/pkg_vis.js,1
users/marcyinfeng/Algorithms:S2_MT_Cloud,3
users/marcyinfeng/Algorithms:NN_cloud,6
users/marcyinfeng/Algorithms:/mcd19_prior,4
users/marcyinfeng/Algorithms:/get_aot,4
users/marcyinfeng/Algorithms/:/S2_view_angle,3
users/marcyinfeng/Algorithms/:/NN_prosail,3
users/marcyinfeng/Algorithms/:/get_xps,4
users/gena/package:animation,4
users/jnole/ClasificationRF:RevExport,5
users/GEE-RRBM/consultoria:librerias/missUtilis2modifi,1
users/jnole/Clasificadores:Clasifiers,1
users/jnole/ClasificationRF:Clasifiers,2
users/giacomotitti/SRT:ROC,3
users/servirbz/packages:fcover_sma,2
users/servirbz/packages:fstats,2
users/pramod00/Managalore:LULC,3
users/rfernand387/Leaf-Toolbox-Working:SL2PNetworkOneNet,5
users/luzhen0527/Fuctions:functions/reproj.js,11
users/luzhen0527/Fuctions:functions/funcs.js,3
users/niujsdige/Function:Function/operFiles,7
users/lixuecaosysu/publicTools:getCollections,45
users/lixuecaosysu/publicTools:timeSeriesFitting,33
users/niujsdige/Function:Oth_Function/Lixc/timeSeriesFitting,1
users/niujsdige/Function:Function/operMapItems,1
users/kongdd/pkgs:pkg_export.js,12
users/bastinjf_climate/public:correction,1
users/aazuspan/geeTools:radiometricCorrection.js,2
users/apoortinga/landcoverS2:importS2_module,4
users/apoortinga/landcoverS2:cloud_module,3
users/apoortinga/landcoverS2:shadowMask_module,4
users/apoortinga/landcoverS2:brdf_module,3
users/apoortinga/landcoverS2:topographic_module,2
users/zhangby/library:Landsat/proLandsat,2
users/mapbiomas/mapbiomas-mosaics:modules/CloudAndShadowMasking.js,8
users/mapbiomas/mapbiomas-mosaics:modules/Collection.js,9
users/mapbiomas/mapbiomas-mosaics:modules/DataType.js,6
users/mapbiomas/mapbiomas-mosaics:modules/SpectralIndexes.js,11
users/mapbiomas/mapbiomas-mosaics:modules/Miscellaneous.js,11
users/mapbiomas/mapbiomas-mosaics:modules/Mosaic.js,6
users/mapbiomas/mapbiomas-mosaics:modules/SmaAndNdfi.js,11
users/wallacesilva/GEETools_Wsilva:collectionAllLandsat,1
users/soilwatch/soilErosionApp:s2_masks.js,11
users/soilwatch/soilErosionApp:s2_composites.js,5
users/soilwatch/functions:dtw.js,7
assert,1
users/dededirgahayu11/LBS:LBS_BPN2019.js,46
users/dededirgahayu11/Fungsi:DD_NamaKecamatan.js,9
users/PIJ-17-05/glaciers_vm:cloud_filter,6
users/beckyld/imagecollection:modules/S2_Cloud_Masking,3
users/beckyld/imagecollection:modules/NDWI_mask,3
users/beckyld/imagecollection:modules/clip,3
users/nrtwur/senalerts_tbx:01_data_import/func_lc_fm_param,3
users/nrtwur/senalerts_ts_viewer:helper/ts_viewer,2
users/nrtwur/senalerts_dev:helper_legend,1
users/danielp/LC-SLIAC:LC-SLIAC,2
users/Amazonas21/default:functions,6
users/saraiva/apps:gui.js,1
users/areasirrigadas/projeto2018:ssebop/Agrosatelite/SSEBop.js,2
users/areasirrigadas/projeto2018:ssebop/Agrosatelite/dailySSEBop.js,1
users/areasirrigadas/projeto2018:packages/julianDate.js,2
users/areasirrigadas/projeto2018:packages/cloud.js,2
users/areasirrigadas/projeto2018:settings.js,1
users/gena/packages:promise,2
users/arjenhaag/modules:ui,1
users/luciovilla/minagri:Modules/TemporalSignature,10
users/luciovilla/phenology:library2,4
users/gulandras90/inlandExcessWater:process/inputDate,7
users/gulandras90/inlandExcessWater:process/refinedLeeFilter,10
users/alimokhtari137098/mokhtariali:pkg_trend,1
users/zandersamuel/default:Utils/Legend,2
users/zandersamuel/default:Utils/DarkMap,2
users/FLOODS/BangladeshIRI:MODISAlgorithms,1
users/murillop/default:LANDTRENDR/LandTrendrPaulo.js,1
users/devinrouth/toolbox:Aggregate_Points.js,7
users/devinrouth/toolbox:Stratified_Bootstrap_FeatureCollection.js,9
users/bqChen/Modules:/10Sensors2,1
users/PrioGLADpy/test_2021:tools/constantes,2
users/PrioGLADpy/test_2021:tools/funciones,2
users/kelewinska/FUN:basic/Cloud_masks,2
users/kelewinska/FUN:basic/indices,1
users/kelewinska/FUN:basic/utilities,4
users/pelsen/LST:ELSEN_thermal_refugia_functions,4
users/lfarwell/BBSbuffers:L8_masking_functions,1
users/pelsen/SILVIS:KEL_How2Module/KEL_Cloud_masks,1
users/rfernand387/LEAFToolboxModules:SL2PNetworkv2,2
users/dededirgahayu11/Klasifikasi:21_09_LCover_S2.js,2
users/dededirgahayu11/Fungsi:OlhCitra.js,4
users/dededirgahayu11/Fungsi:DD_Times.js,3
users/salmanddd14/AFungsi:KHG.js,1
users/salmanddd14/AFungsi:Waktu.js,10
users/salmanddd14/AFungsi:OlhCitra.js,11
users/amirotulbahiyah/sc_jagung:Batas.js,10
users/SimonettiDario/DiB_Sentinel2_composite:PINO26,1
users/sambowers/FNDS:modules/classify,1
users/sambowers/FNDS:modules/composite,1
users/sambowers/FNDS:modules/features,1
users/sambowers/FNDS:modules/IO,1
users/sambowers/FNDS:modules/region,2
users/sambowers/FNDS:modules/UI,1
users/sambowers/FNDS:modules/visualise,2
users/Hii/Modules:Module_Pattern_List_Data,7
users/gisliuwei/public:CCDC/ui,1
users/xuzhenwu/public:pkg_main.js,1
users/ocsgeospatial/functions:s2_composites.js,1
users/magosilvain/Tabea_METRIC:Otsu_thresholding,1
users/DavidTheobald8/LandSCaPE:lse,8
users/USFS_GTAC/modules:getImagesLib2.js,13
users/ibisa/common:spectrBands/bandsSent2,2
users/ibisa/common:lib,2
users/kolesovdm/ALARM:TimeAggregation/TimeSeries,9
users/kolesovdm/ALARM:Models/L8CloudFilter,8
users/kolesovdm/ALARM:TimeAggregation/Aggregator,8
users/kolesovdm/ALARM:Neural/trainedNet,9
users/kolesovdm/ALARM:Sampler/TrainTestSets,8
users/lethiquynhhoa/BinhThuan_FMS_Moudle:S2_Remove_cloud_Module,1
users/kolesovdm/ALARM:config,2
users/kolesovdm/ALARM:Sampler/samplePolygon,1
users/kolesovdm/Neural:MLP_array,1
users/kolesovdm/ALARM:Preprocessor/Selector,1
users/kolesovdm/Logging:neuralnet,4
users/kolesovdm/Neural:trainedNet,3
users/kolesovdm/TimeSeries:TimeSeries,2
users/kolesovdm/ALARM:Neural/MLP_array,1
users/spadarian/utils:collectionToImage,2
users/ignisfausto/IEMSS2018:Volumes/Polygons,1
users/ignisfausto/IEMSS2018:Volumes/model12,1
users/ignisfausto/IEMSS2018:Volumes/Functions,1
users/mayuxin2014/default:maskcloudlt4sf,1
users/trchudley/RESPONDER_sat_img_vis/singleLakeVolume:FASTER_functions,3
users/jeffjeff20072/hackthon_modual:ColorRamp.js,21
users/joaovsiqueira1/imgtools:Tests/GetImages.js,13
users/frederickirchhoff/amazonia_protege:reference_maps,11
users/frederickirchhoff/thaytime2:composer_caatinga,2
users/frederickirchhoff/shortcuts:frame_and_scale_II,1
users/frederickirchhoff/thaytime2:composer_amz,2
users/frederickirchhoff/thaytime2:composer,14
users/frederickirchhoff/thaytime:composer_3,1
users/frederickirchhoff/thaytime2:composer_vh,8
users/frederickirchhoff/thaytime:redefinedLee,5
users/frederickirchhoff/thaytime2:composer_date,6
users/frederickirchhoff/shortcuts:frame_and_scale,15
users/frederickirchhoff/shortcuts:legendize_background,10
users/frederickirchhoff/thaytime:refinedLee,1
users/singh22pragati/change:module/importS2_module,1
users/singh22pragati/change:module/shadowMask_module,1
users/singh22pragati/change:module/cloud_module,1
users/singh22pragati/pragatisingh:module/importS2_module,1
users/singh22pragati/pragatisingh:module/shadowMask_module,1
users/singh22pragati/pragatisingh:module/cloud_module,1
users/cz/PraktikumAWI:LTModules/LTValidation,4
users/cz/PraktikumAWI:LTModules/rasterCreation,5
users/cz/PraktikumAWI:LTModules/automaticLandTrendr,5
users/cz/PraktikumAWI:LTModules/tableCreation,7
users/emaprlab/public:Modules/LandTrendr,1
users/cartoscience/rs2p_share:coordinates,5
users/ivfilippov83/IRA/:2_RastersPreparation,5
users/ivfilippov83/IRA/:1_AOI,2
users/ivfilippov83/DATA_Selection:/00_imagesPreparation,5
users/jnole/ClasificationRF:PointCorrection,1
users/gmm402/REP_maskell:modules/S2-BRDF,10
users/gmm402/REP_maskell:modules/S2-topographic,10
users/gmm402/REP_maskell:modules/spectral_indices,10
users/USFS_GTAC/modules:classificationLib.js,5
users/kongdd/pkgs:pkgs.js,1
users/deabelle/open_utils:MNC/time_series_20-21.js,2
users/soilwatch/soilErosionApp:RUSLE_factors.js,6
users/soilwatch/soilErosionApp:s2_fcover.js,6
users/soilwatch/soilErosionApp:composites.js,10
users/zellerrae/RemoteSensing:Labs/Lab03.2ClassifierFunction,1
users/servirbz/land_cover_change:LT_base/LandTrendr_100m,12
users/bpc315/EFTs:EFT_functions,1
users/TEST/utils:legend,2
users/dsaah/SIG-EE:CEO/pixelCountReadable,11
users/gulandras90/inlandExcessWater:utils/studyArea,7
users/gulandras90/inlandExcessWater:process/exportData,4
users/gulandras90/inlandExcessWater:process/classifier,2
users/gulandras90/inlandExcessWater:utils/chartClusters,2
users/gulandras90/inlandExcessWater:utils/dateFunctions,1
users/luizcf14/SolvedLibs:SolvedLib,2
users/zlevitt/chis:lst/lstModules.js,1
users/wangmmcug/landsat_psc_lst:modules/Landsat_LST_ScenceID.js,3
users/niujsdige/whecla:Function/ClaFunc,1
users/niujsdige/js:CopyOthers/GetImage,1
users/kongdd/public:pkgs.js,10
users/kongdd/public:pkg_agg.js,2
users/kongdd/public:pkg_trend.js,6
users/kongdd/public:pkg_date.js,4
users/georgeazzari/EEtools:s2.data.js,37
users/georgeazzari/EEtools:s2.cloudtree.fse.africa.js,34
users/georgeazzari/EEtools:export.tables.js,71
users/georgeazzari/EEtools:s2.cloudtree.hollstein.global.js,5
users/georgeazzari/EEtools:image.tools.all.js,20
users/georgeazzari/EEtools:s1.data.tools.js,11
users/georgeazzari/EEtools:viz.tools.js,6
users/georgeazzari/EEtools:harmonics.js,6
users/users/jjisasti/JJI:utils/studyArea,1
users/users/jjisasti/JJI:process/exportData,1
users/users/jjisasti/JJI:process/classifier,1
users/users/jjisasti/JJI:utils/chartClusters,1
users/jsilvan/tools:legends,1
users/bullocke/coded:v0.2/miscUtils,2
users/csouza608/sacha-ecuador:Modules/sma_ndfi.js,2
users/jonas/mpf_dados:frames,2
users/sambowers/reforma:modules/biomass,1
users/gena/packages:water,6
users/giswqs/public:wetlands.js,2
users/fabiocian/default:style,1
users/fabiocian/default:style_histogram,1
users/joseserafing:IRMAD/omnibus,1
users/joseserafing:IRMAD/utilities,2
users/USFS_GTAC/LCMS-NFS:Modules/modelLandcoverAsFunctions.js,1
users/iglushko/Classifications_methods:stretcher,2
users/iglushko/Classifications_methods:Prepare_collection,2
users/javierrieju/CURSO_ETSIAMN:ROI,3
users/shijuanchen32/forest_degradation_georgia:utilities/ut_workflow,2
users/imOliveira/functions:minhaFunc,1
users/mahirye_usp/MapBiomasUrb:AllTools/Grids,2
users/tingtinghe2011/Modules:Landsat_LST,1
users/tingtinghe2011/Landsat_smw_lst:modules/Landsat_LST,5
users/tingtinghe2011/Modules:exportTable_Feas_Img,1
users/fishjason73/topublic:Module/Function,4
users/niujsdige/shared:SharedFunction/BaseFunc,7
users/niujsdige/shared:Function/BaseFunc,2
users/niujsdige/sharedFunc:Statistics/zonalStatistics,2
users/cwt3100101983/PublicTools:LandsatCol.js,29
users/cwt3100101983/PublicTools:Sentinel2SR.js,2
users/xjtang/labs:Utilities/Composite,7
users/xjtang/labs:Utilities/CCDC,1
users/xjtang/labs:Utilities/Synthetic,1
users/khanalnishant/Algorithms:WhittakerSmoothing,13
users/servirhkh/NLCMS:HKH/SupportScripts/Training/1_addCovariates_yearly,6
users/Shan/RLCMS:HKH/supportscript/featureLists_hkh,1
users/servirhkh/RLCMS:SupportScripts/Training/1_addCovariates_yearly,3
users/servirhkh/RLCMS:SupportScripts/Classification/3_featureLists,3
users/TEST/utils:basemap,8
users/sufyabbasi/template:button/button,2
users/firsake/default:ImportantTools/mosaicByDate_module.js,2
users/Amazonas21/default:datas,2
users/collectearth/ce_scripts:frames_kyrgyzstan,1
users/owsleybc/caucasus:forest,1
users/pauldebeurs/examples:modules/Mask.js,3
users/pauldebeurs/examples:modules/RTE.js,1
users/yanchojo/GEEMMM_v4_1/:modules/known_mangroves,7
users/yanchojo/GEEMMM_v4_1/:modules/coastline,7
users/yanchojo/GEEMMM_v4_1/:modules/topography,8
users/yanchojo/GEEMMM_v4_1/:modules/mangrove_buff,7
users/yanchojo/GEEMMM_v4_1/:modules/contemporary_imagery,7
users/yanchojo/GEEMMM_v4_1/:modules/historic_imagery,7
users/yanchojo/GEEMMM_v4_1/:modules/MNDWI_tidal_function,7
users/yanchojo/GEEMMM_v4_1/:modules/indices,7
users/yanchojo/GEEMMM_v4_1/:modules/water_mask,7
users/yanchojo/GEEMMM_v4_1/:modules/fringe_mang,8
users/yanchojo/GEEMMM_v4_1/:modules/rf_classer,6
users/yanchojo/GEEMMM_v4_1/:modules/input_correlation,7
users/yanchojo/GEEMMM_v4_1/:modules/spec_area,7
users/breadboard/gla-curio-canopy:utils.js,4
users/cheungkenyeung/default:demo/module_father,195
users/jdeines/a_modules:composite-landsat.js,3
users/alemlakes/CommonCode:501.Module.afn_getpixelcounts,1
users/khanalnishant/EETest:Algo/WhittakerSmoothing,4
users/khanalnishant/ICIMOD:RLCMS/V2/Training/1_addCovariates_yearly,14
users/khanalnishant/RLCMS:Training/1_addCovariates,3
users/biplov/hfa:flood,1
users/iglushko/ALERT2018:L8CloudFilter,1
users/servirbz/packages:polyline,2
users/servirbz/packages:countries2,2
users/servirbz/packages:comp_mod43,1
users/mvernierfs/Shared:ChangeDetection/getImagesLib.js,1
users/mvernierfs/Shared:ChangeDetection/changeDetectionLib.js,1
users/collectearth/ce_scripts:common/charts_v2,5
users/ablachly/dropbox:Portfolioproblem3_functions,1
users/jhowarth/terrain:eeShadedReliefTools/shadedReliefTools.js,2
users/mengyy225/library:general,1
users/weicaiyongcugb/wcy:temporalSegmentation_sample,1
users/EXPORTSENTINEL1/S1APP:/SpeckleFilter/refinedLee,14
users/EXPORTSENTINEL1/S1APP:/Applications/UrbanMaskByImage,9
users/iwan/hutanharapan:importS2_module,1
users/iwan/hutanharapan:shadowMask_module,1
users/iwan/hutanharapan:cloud_module,1
users/iwan/hutanharapan:brdf_module,1
users/iwan/hutanharapan:topographic_module,1
users/sebastian_egli/SDG_EO_WS_2019:helpers,3
users/18753004030lzy/geenew:Test,1
projects/terrascope/default:panpipe_util,6
users/grazielirodigheri/Modelagem_NPP_Soja:pixel_values,1
users/tl2581/FIRECAM:Modules/FIRECAM_params.js,1
users/sanchezpauspro/Apps:misc,2
users/openforisinitiative/EarthMap:Utils/CalculateBestFitScale,4
users/smart_fire_icf/App_Smart_Fire:buscar_coordenada,2
users/rafaelkayser/sebal_iph_gee_v1:01_mod_get_LANDSAT,1
users/rafaelkayser/sebal_gee:04_mod_spectral_indices,1
users/agrosatelite_mapbiomas/mapbiomas_tutorial:collection6/utils/normalization.js,3
users/agrosatelite_gee/lulucf_2021:auxiliares/index.js,4
users/agrosatelite_mapbiomas/packages:api2.js,1
users/agrosatelite_mapbiomas/packages:cloud.js,1
users/luciovilla/sarchange:omnibusTest,1
users/luciovilla/sarchange:utilities,1
users/wangweihappy0/myTrainingShare:training03/pubLibs,6
users/liangjieyu1234/app:app,11
users/adami16/tools:calcMetricas,2
users/conanpeng456/mangroveQAD:ModuleFunc/Module_MaskCloud,101
users/conanpeng456/mangroveQAD:ModuleFunc/Module_Indices,101
users/conanpeng456/mangroveQAD:ModuleFunc/Module_OpticalProcess,101
users/conanpeng456/mangroveQAD:ModuleFunc/Module_FeatureProcess,101
users/conanpeng456/mangroveQAD:ModuleFunc/Module_UIwidget,101
users/Scarlettlee33/Shared:AllLandsatImgs,2
users/wushupu18/Nanhu:slope_correction_lib.js,6
users/waters98315/CoastalChina:17_00_Classified_Export_Sampsv0803,1
users/waters98315/CoastalChina:17_02_clusters_Export,1
users/joaovsiqueira1/project-ecuador:Modules/Collection.js,2
users/joaovsiqueira1/project-ecuador:Modules/CloudAndShadowMask.js,2
users/joaovsiqueira1/project-ecuador:Modules/RenameBands.js,2
users/yanghui/modules:S2Lib,2
users/mkoontz/ee-remote-sensing-resistance:rsr-functions.js,1
users/tncwogis/GROA:base/sequestration-model-functions,2
users/lixiangzhang/lixiangzhang333/classify:hmf/Vegetation_index.js,1
users/SyLonek/lcu:Lib/lazy,3
users/loganberner/teaching:Inf620/Landsat_modules/landsatUtil_general,4
users/loganberner/teaching:Inf620/Landsat_modules/landsatUtil_masking,4
users/pb463/teaching:INF620_SP19/funcs/AVIRISProcFuncs,1
users/geoicapacitacion/AQS2GEEdev:Mascaras/Nubes,4
users/geoicapacitacion/AQS2GEEdev:Indices/metricas,4
users/geoicapacitacion/AQS2GEEdev:Indices/composicion,4
users/geoicapacitacion/AQS2GEEdev:Indices/fechas,4
users/georgeazzari/EEtools:landsat.data.sr.c01.js,1
users/oliverlopez/geeagmap:modules/colormaps.js,5
users/collectearth/ce_scripts:common/SentinelLandsatImagery,3
users/collectearth/ce_scripts:common/utils,11
users/collectearth/ce_scripts:common/ui,6
users/andreasvollrath/radar:s1Lib2.0.js,3
users/arjenhaag/modules:Sentinel-2,1
users/cyrus621/dsm:PCA,1
users/bullocke/coded:coded/apps/app,1
users/urrrt1066773/mycode:lib/s2_IndexLib,1
users/urrrt1066773/mycode:lib/s2_classify_lib,1
users/lobelllab/Gtools:s2.data.js,1
india_rice2018,2
users/kongdd/pkgs:Math/savitzky_golay.js,1
users/kongdd/pkgs:src/Export_Table.js,1
users/javierrieju/TFG_Fire:Training_points,1
users/gena/eo-bathymetry:EMODnet-02-water-occurrence,4
users/gena/packages:geometry-test-geojson,1
users/gena/packages:slic,1
users/tzwgeeetest/train0122:example01/main,1
users/tzwgeeetest/train0122:example01/main1,1
users/tzwgeeetest/train0122:example01/main2,1
users/tzwgeeetest/train0122:example01/main3,1
users/tzwgeeetest/train0122:example01/main4,1
users/SeGriffin/Functions:Tools/batch,1
users/khanalnishant/Algorithms:FourierSmoothing,7
users/CartasSol/package:Alertas/dictRegionOrbitaTitle.js,1
users/marcyinfeng/Toa2Lai/:/TOA2ProsailParas,4
users/marcyinfeng/Algorithms:/get_NCP_yield,2
users/marcyinfeng/utils/:/split,1
users/marcyinfeng/utils:double_logistic,1
users/jeffjeff20072/hackthon_modual:TinyTimeLapse,3
deasync,2
directory/to/the/script,1
users/brandynisbet/philadelphia_HAQ_working:Retrieve_LST,1
users/brandynisbet/philadelphia_HAQ_working:Retrieve_NDVI,1
users/brandynisbet/philadelphia_HAQ_working:Retrieve_NDBI,1
users/brandynisbet/philadelphia_HAQ_working:Retrieve_Albedo,1
users/brandynisbet/philadelphia_HAQ_working:Retrieve_NDWI,1
users/brandynisbet/philadelphia_HAQ_working:RetrieveNightLST,1
users/fitoprincipe/ValiAppDev3:main_dev,1
users/cbk/MAIL:inc/biomassEquations,1
users/cbk/MAIL:inc/styles.js,1
users/cbk/MAIL:inc/dbhIncrementModel,1
users/mariofajardop/PALab:Functions,1
users/dandy/FY2020:timeSeries/prototype_module_point.js,1
users/emaprlab/public:Modules/LandTrendrTest.js,2
users/wangweihappy0/myTrainingShare:training01/lib,4
users/diegosilva/floresta-densa:Collection.js,3
users/diegosilva/floresta-densa:RenameBands.js,3
users/diegosilva/floresta-densa:CloudAndShadowMask.js,3
users/diegosilva/TerrasMonitoramento:Palettes.js,1
users/dsaah/sacha/Preprocessing:brdf_module,1
users/dsaah/sacha:01_Preprocessing/Instructional/importLS8_module,2
users/dsaah/sacha:01_Preprocessing/Instructional/shadowMask_module,2
users/dsaah/sacha:01_Preprocessing/Instructional/cloud_module,2
users/dsaah/sacha:01_Preprocessing/Instructional/brdf_module,1
users/dsaah/sacha:01_Preprocessing/Instructional/terrain_module,1
users/dsaah/sacha:01_Preprocessing/Instructional/composite_module_dev,1
users/320040872/ECHO:_GAP_SG_S2_L578_2,2
users/liruonan02/Apps:conference_1114/l8SR_seasonImg.js,1
users/marcocalderon/modules:spec_ind_s2,1
users/marcocalderon/modules:spec_ind_l8,1
users/mcalderon/modules:mask_s2,2
users/mcalderon/modules:l8_mask,2
users/mcalderon/modules:alos_prep,2
users/mcalderon/modules:ind_s2,2
users/mcalderon/modules:l8_ind,2
users/mcalderon/modules:call_raw_images_v1,8
users/xuantruongtrinh93/default:myFunctions/makeCollection,1
users/khanalnishant/EETest:Algo/FourierSmoothing,3
users/khanalnishant/Algorithms:LinearFitSmoothing,4
users/servirbz/packages:img_recent,10
users/servirbz/servir_lcc:LT_base/LandTrendr_100m,8
users/reachsyriagee/Modules:Preprocess,1
users/zhangby/library:MODIS/proMODIS,1
users/yzhu221/ECOSTRESS:ModuleFunc/HarmonicTimeSeries,5
users/yzhu221/ECOSTRESS:ModuleFunc/imgColTimeMatch,1
users/yzhu221/GEE:HarmonicTimeSeries/ModuleFunc/HarmonicTimeSeries,4
users/calpreethim/share:CollectionFunctions,5
users/calpreethim/share:ImageFunctions,2
users/calpreethim/share:S2_preprocessing/importS2,2
users/jstnbraaten/modules:ee-goes.js,1
users/apoortinga/landcoverLandsat:importLS8_module,17
users/apoortinga/landcoverLandsat:shadowMask_module,17
users/apoortinga/landcoverLandsat:cloud_module,17
users/apoortinga/landcoverLandsat:composite_module,14
users/apoortinga/landcoverLandsat:export_module,14
users/servirhkh/NLCMS:Afghanistan/SupportScripts/Training/1_addCovariates_yearly,5
users/glennwithtwons/s2timeseries:functions.js,3
users/kongdd/pkgs:pkg_join.js,3
users/kongdd/pkgs:pkg_VI.js,1
users/kongdd/gee_phenofit:pkg_pheno.js,2
users/kongdd/pkgs:Math/Whittaker.js,1
users/lixuecaosysu/geeTools:urbanSprawlModeling,3
users/lixuecaosysu/geeTools:urbanMapping,3
users/berkayozen92/thesis:modules/IndexModule,4
users/berkayozen92/thesis:modules/RFModule,4
users/dededirgahayu11/Fungsi:DD_GUI.js,8
users/dededirgahayu11/Fungsi:DD_Dyn_Time.js,14
users/dededirgahayu11/Fungsi:DD_FeaText.js,19
users/dededirgahayu11/Fungsi:DD_Grafik.js,6
users/dededirgahayu11/Fungsi:Olah_ALOS.js,4
users/dededirgahayu11/Fungsi:ListName_ALOS.js,3
users/dededirgahayu11/Fungsi:Olah_Modis.js,12
users/dededirgahayu11/LBS:LBS_BPN.js,3
users/dededirgahayu11/Fungsi:DD_LBS2019.js,4
users/dededirgahayu11/Fungsi:DD_DBase_MOD13.js,1
users/dededirgahayu11/Fungsi:DD_BtsGeom.js,3
users/dededirgahayu11/Fungsi:DD_Util_V1.js,2
users/dededirgahayu11/Fungsi:DD_Logo.js,9
users/dededirgahayu11/Fungsi:DD_String.js,3
users/dededirgahayu11/Fungsi:DD_Ekstrak.js,15
users/dededirgahayu11/Fungsi:DD_CMask.js,5
users/dededirgahayu11/Fungsi:DD_Radar_ed.js,8
users/Conala/QuickModel:Algorithms/Linear_Interpol,5
users/xykang/public:kxy_MODIS.js,1
users/xykang/public:kxy_CMN.js,1
users/collectearth/ce_scripts:frames_landsat_v2,2
users/sgascoin/apps:mapStyle,2
users/devinrouth/toolbox:Bootstrap_FeatureCollection.js,6
users/CartasSol/package:Arida/EXEINI,17
users/rnvuefsppgm/Arida:logo2020,1
users/jonathanasullivan/Cloud2Street:Modules/sentinel1_smooth_surface,1
users/parevalo_bu/gee-ccdc-tools:ccdcUtilities/stats.js,1
users/bagnato/MSU:Trend,1
users/denisecaljouw/Functions:rename_bands,5
users/denisecaljouw/Functions:indices,4
users/denisecaljouw/Functions:general,5
users/gwevanderzalm/utils:funcs,2
users/nitaguapti-macrofitas/publico:macrofitas-util,1
users/nitaguapti-macrofitas/publico:filteredcollection/temperature,1
users/fitoprincipe/geetools:batc3h,1
users/khanalnishant/RLCMS:Training/1_addCovariates_yearly,1
users/khanalnishant/ICIMOD:RLCMS/V2/Training/1_addCovariates,17
users/khanalnishant/RLCMS:CreateComposites/1_importImages,3
users/khanalnishant/RLCMS:CreateComposites/2_cloudBurst,3
users/khanalnishant/RLCMS:CreateComposites/3_BRDF,3
users/khanalnishant/ICIMOD:RLCMS/V2/CreateComposites/4_terrain_null,5
users/khanalnishant/RLCMS:CreateComposites/4_terrain2,3
users/majidbayatiara/ARA:NormalizingFunction,9
users/nsa120/CamGeog1A:cloudMaskLS1A,4
users/nsa120/CamGeog1A:bandRatios1A,4
users/nsa120/CamGeog1A:addLakeStats1A,4
users/projectgeffao/modules:legends.js,1
users/projectgeffao/modules:ndvi.js,1
users/projectgeffao/LDN-REU:Apps/Precalculation_REU_v3.js,1
users/projectgeffao/LDN-REU:Apps/localization_v2.js,1
users/clarype/emapr:Mods/LandTrendr_V2.4.js,2
users/soilwatch/soilErosionApp:utils.js,7
puppeteer,1
async,1
fs,1
imgbb-uploader,1
users/openforisinitiative/EarthMap:Results/Portal/Images,2
users/openforisinitiative/EarthMap:Utils/SimpleMap,20
users/openforisinitiative/EarthMap:Utils/CORINE_LC_Map,8
users/openforisinitiative/EarthMap:Utils/RestorationMap,8
users/openforisinitiative/EarthMap:Utils/KaposMap,8
../Utils/palette,2
./Utils/palette,1
./gena/colorbrewer,1
users/sanchezpaus/TCI_Projects:gena/hillShading,1
users/bullocke/coded:coded/apps/app_archive_2020_01_07,3
projects/geo-3d/default:modules/cet_color_maps,4
users/collectearth/ce_scripts:frames_belize_2020,3
users/collectearth/ce_scripts:frames_landsat_v4,3
users/rcamargo/GEE:2020/Sensor_,1
users/yogadwiputra/Function:Cloud_Masking.js,2
users/temp1/function:basic/cloud_masks,1
users/temp1/function:basic/assimilation,1
users/temp1/function:basic/vegetation_index,1
users/temp1/function:basic/tools,1
users/temp1/function:crop_mapping/mci,1
users/temp1/function:basic/fitting,1
users/reachsyriagee/Modules:Utilities,1
users/kdebeurs/LST:modules/Puebla.js,1
users/kdebeurs/LST:modules/Puebla_complete.js,1
users/smokepolicytool/public:Modules/smokeLULC.js,1
users/smokepolicytool/public:Modules/smokePM.js,1
users/smokepolicytool/public:Modules/smokeHealth.js,1
users/bagnato/MSU:FiltrosCalidad.js,1
users/zhoutao/public_repository:Function/Look_image,1
users/zhoutao/public_repository:Remove_BadPiexls/Remove_BadPixels,1
users/zhoutao/public_repository:Indexs/Index,1
users/zhoutao/public_repository:Function/addLegend,1
users/zhoutao/public_repository:Function/Statistical_area,1
users/sunibasjy/Mod:tools/position,1
users/ngis-ee/unilever:libUL.js,16
users/ngis-ee/unilever:libUL1.js,8
users/ngis-ee/unilever:libUL2.js,2
users/ngis-ee/unilever:libUL3.js,4
users/ngis-ee/unilever:Sandbox/libAlerts.js,2
users/rayoly/SDG_APP:config.js,2
users/rayoly/SDG_APP:fnc/Average_fnc.js,1
users/rayoly/SDG_APP:fnc/AOI.js,1
users/rayoly/SDG_APP:fnc/GUI_AOI.js,1
users/rayoly/SDG_APP:fnc/GUI_date.js,1
users/rayoly/SDG_APP:fnc/exportMap.js,1
users/rayoly/SDG_APP:fnc/GUI_Prefs.js,1
users/rayoly/SDG_APP:fnc/Legend.js,1
users/rayoly/SDG_APP:fnc/helpBox.js,1
users/rayoly/SDG_APP:fnc/MODEL_WaterQuality.js,1
users/rayoly/SDG_APP:fnc/GUI_MapInspector.js,1
users/rayoly/SDG_APP:fnc/countryAbbr.js,1
users/Laura_Chow77/default:utils/MVC,1
users/Laura_Chow77/default:utils/calculateNDVIEntropy,1
users/openforisinitiative/EarthMap:Common/MinTemperatureMaps,17
users/openforisinitiative/EarthMap:Common/MaxTemperatureMaps,17
users/openforisinitiative/EarthMap:Common/MeanTemperatureMaps,17
users/openforisinitiative/EarthMap:Common/PrecipitationMaps,10
users/openforisinitiative/EarthMap:Common/ECMWFPrecipitationMaps,16
users/openforisinitiative/EarthMap:Utils/Exact,13
users/openforisinitiative/EarthMap:Utils/WorldPopMap,7
users/openforisinitiative/EarthMap:Utils/GPW4PopMap,21
users/openforisinitiative/EarthMap:Utils/GHSLPopMap,35
users/openforisinitiative/EarthMap:Utils/HansenMap,7
users/openforisinitiative/EarthMap:Common/ModisFires,7
users/openforisinitiative/EarthMap:Utils/ModisBurnedAreaMap,15
users/openforisinitiative/EarthMap:Common/WaporReferenceEvapoTranspiration,7
users/openforisinitiative/EarthMap:Common/WaporActualETandInterception,8
users/openforisinitiative/EarthMap:Common/WaporNPP,8
users/openforisinitiative/EarthMap:Common/WaporTranspiration,7
users/openforisinitiative/EarthMap:Common/WaporEvaporation,7
users/openforisinitiative/EarthMap:Common/WaporWaterProductivity,7
users/openforisinitiative/EarthMap:Common/WaterDeficit,10
users/openforisinitiative/EarthMap:Common/NdviModisMaps,9
users/openforisinitiative/EarthMap:Common/NdviLandsatMaps,7
users/openforisinitiative/EarthMap:Common/NdviSentinelMaps,7
users/openforisinitiative/EarthMap:Utils/WaterCoverMap,7
users/openforisinitiative/EarthMap:Utils/CCI_IPCCMap,8
users/openforisinitiative/EarthMap:Utils/PROBA_V_IPCC_Map,7
users/openforisinitiative/EarthMap:ESS/MODIS_LC_MAP,4
users/openforisinitiative/EarthMap:Utils/AridityIndexECMWF,3
users/openforisinitiative/EarthMap:Utils/GlobCoverMap,7
users/openforisinitiative/EarthMap:Utils/ArgentinaCropMaps,6
users/openforisinitiative/EarthMap:Utils/LesothoErosionMaps,6
users/openforisinitiative/EarthMap:Utils/BFCustomMap,7
users/openforisinitiative/EarthMap:Utils/CroplandExtentMap,7
users/openforisinitiative/EarthMap:Utils/CroplandExtentMap_30m,8
users/openforisinitiative/EarthMap:Utils/LandProductivityMap,10
users/openforisinitiative/EarthMap:Utils/ElevationMap,14
users/openforisinitiative/EarthMap:Utils/GlobalSoilCarbonMap,7
users/openforisinitiative/EarthMap:Utils/BiodiversityIndicatorMap,7
users/openforisinitiative/EarthMap:Utils/CanopyHeightMap,7
users/openforisinitiative/EarthMap:ESS/DrainedSoilEmissions,2
users/openforisinitiative/EarthMap:ESS/FireEmissions,4
users/openforisinitiative/EarthMap:Common/FrostDaysMapECMWF,2
users/openforisinitiative/EarthMap:Common/HeatStressDaysMapECMWF,2
users/openforisinitiative/EarthMap:CFI/RunOff,2
users/openforisinitiative/EarthMap:Common/ECMWFTemperatureMaps,3
users/openforisinitiative/EarthMap:gena/colorbrewer,7
users/openforisinitiative/EarthMap:Utils/common,5
users/openforisinitiative/EarthMap:Utils/IPCCMap,3
users/openforisinitiative/EarthMap:gena/hillShading,11
users/josiaszeller/SLAMonitoringV2:Preparation_Module,1
users/josiaszeller/SLAMonitoringV2:Cloudshadow_Mask,1
users/josiaszeller/SLAMonitoringV2:Classifier,1
users/josiaszeller/Thesis:Classifier_RF,1
users/josiaszeller/SLAMonitoringV2:Altitude_Bins,1
users/josiaszeller/SLAMonitoringV2:Main_Patches,1
users/josiaszeller/SLAMonitoringV2:Histogram,1
users/yaoyao111997/GQ:rwc_landsat.js,1
users/eeProject/RivWidthCloudPaper:rwc_landsat_debug_internal_error.js,1
users/marcyinfeng/SIAC/:/S2_cloud,4
users/marcyinfeng/SIAC/:/Sen2Cloud,4
users/marcyinfeng/SIAC/:/Inverse_6S_AOT_brdf,4
users/marcyinfeng/SIAC/:/Inverse_S2_TCWV,4
users/marcyinfeng/SIAC/:/get_kernel,4
users/marcyinfeng/SIAC/:/interp_MCD43A1,4
users/marcyinfeng/SIAC/:/Two_NN,5
users/marcyinfeng/SIAC/:/S2B_AC,4
ee-runner,3
users/marcyinfeng/Toa2Lai/:/Prosail_5_paras,1
users/marcyinfeng/SIAC/:/AC_processor,2
users/username/default:Modules/FooModule.js,1
users/marcyinfeng/Toa2Lai:Prosail,1
users/nanshany1993/collect_Earth:common/s2,2
users/nanshany1993/collect_Earth:common/l8,2
users/nanshany1993/collect_Earth:common/chart,2
...,1
users/320040872/ECHO:demo/VIs_sentinel2_father,63
users/rharod4/Time_series:Landsat_LST.js,1
users/Mapbiomas_Peru_C1/Peru_General_NoRAISG_C1:P01_MOSAICOS/modules/CloudAndShadowMasking.js,12
users/Mapbiomas_Ecuador_C1/Peru_General_NoRAISG_C1:P01_MOSAICOS/modules/CloudAndShadowMasking.js,1
users/Mapbiomas_Ecuador_C1/Ecuador_General_NoRAISG_C1:P01_MOSAICOS/modules/CloudAndShadowMasking.js,1
users/Mapbiomas_Peru_C1/Peru_General_NoRAISG_C1:P01_MOSAICOS/modules/BandNames.js,2
users/Mapbiomas_Peru_C1/Peru_General_NoRAISG_C1:P01_MOSAICOS/modules/Collection.js,2
users/Mapbiomas_Peru_C1/Peru_General_NoRAISG_C1:P01_MOSAICOS/modules/DataType.js,2
users/Mapbiomas_Peru_C1/Peru_General_NoRAISG_C1:P01_MOSAICOS/modules/SpectralIndexes.js,2
users/Mapbiomas_Peru_C1/Peru_General_NoRAISG_C1:P01_MOSAICOS/modules/Miscellaneous.js,2
users/Mapbiomas_Peru_C1/Peru_General_NoRAISG_C1:P01_MOSAICOS/modules/Mosaic.js,2
users/Mapbiomas_Peru_C1/Peru_General_NoRAISG_C1:P01_MOSAICOS/modules/SmaAndNdfi.js,2
users/servirhkh/NLCMS:HKH/SupportScripts/CreateComposites/1_importImages,2
users/servirhkh/NLCMS:HKH/SupportScripts/CreateComposites/2_cloudBurst,2
users/servirhkh/NLCMS:HKH/SupportScripts/CreateComposites/3_BRDF,2
users/servirhkh/NLCMS:HKH/SupportScripts/CreateComposites/4_terrain2,2
users/servirhkh/NLCMS:HKH/SupportScripts/CreateComposites/5_compositeMetric,2
users/nkhanal/RLCMS-training:SupportScripts/CreateComposites/1_importImages,1
users/nkhanal/RLCMS-training:SupportScripts/CreateComposites/2_cloudBurst,1
users/nkhanal/RLCMS-training:SupportScripts/CreateComposites/3_BRDF,1
users/nkhanal/RLCMS-training:SupportScripts/CreateComposites/4_terrain2,1
users/nkhanal/RLCMS-training:SupportScripts/CreateComposites/5_compositeMetric,1
users/TEST/NepalSeplan:pixelCountReadable,1
users/fhtetfs/SDS:grgNaipYearsForState,2
users/fhtetfs/SDS/:SharedFunctions/getStatesYearsDates,1
users/geoicapacitacion/AQS2GEE:Mascaras/Nubes,1
users/geoicapacitacion/AQS2GEE:Indices/metricas,1
users/geoicapacitacion/AQS2GEE:Indices/composicion,1
users/geoicapacitacion/AQS2GEE:Indices/fechas,1
users/raisgmb01/MapBiomas_C2:Modules/GlobalFunctions,92
users/raisgmb01/MapBiomas_C2_Amaz:MODULES/CollectionDirectories,74
users/raisgmb01/MapBiomas_C2_Amaz:MODULES-V1/CollectionDirectories,44
users/raisgmb01/MapBiomas_C2_Amaz:MODULES-V2/CollectionDirectories,15
users/raisgmb01/MapBiomas_C2:Modules/CollectionDirectories,34
users/raisgmb01/MapBiomas_C2:Modules/BandNames,1
users/raisgmb01/MapBiomas_C2:Modules/BandNamesGeneral,4
users/raisgmb01/MapBiomas_C2_Amaz:MODULES-V2/BandNamesGeneral,6
users/raisgmb01/MapBiomas_C2_Amaz:MODULES-V1/BandNamesGeneral,5
users/raisgmb01/MapBiomas_C2_Amaz:MODULES/GlobalFunctions,18
users/pedrovieirac/temp:Modules/Utilities,1
users/pedrovieirac/temp:Modules/Interface,1
users/pedrovieirac/temp:Modules/Preprocess,3
users/geogismx/mountain_solar:join.js,2
users/geogismx/mountain_solar:MRad.js,2
users/devinrouth/toolbox:GapFillAndExtendBounds.js,21
users/devinrouth/toolbox:KFoldCVManualFC.js,16
users/devinrouth/toolbox:Compute_R2_from_CV.js,4
users/aazuspan/geeSharp:utils.js,3
users/ORS_code/eoModules:eoTileGrids,2
users/ORS_code/eoModules:MosaicMain,1
users/ORS_code/LEAF_Toolbox:SL2PNetworkv3,1
users/ORS_code/LEAF_Toolbox:toolsNetsUtils,1
users/ORS_code/eoModules:eoImage,1
users/ORS_code/eoModules:eoImgSet,1
users/ORS_code/eoModules:eoWaterDetector,1
users/ORS_code/eoModules:eoMosaicFuncs,1
users/rahulharod/try:NDVI_coll.js,1
projects/GLANCE:glance/submit/classification/V1/0_NA_V1_BASE_params_annual_classification(Radost),1
projects/GLANCE:CRS/crs_wkt,6
users/ytzhang/GLANCE:ccdcUtilities/api,1
users/ytzhang/GLANCE:ccdcUtilities/ui_yz,1
users/tl2581/ModL2T_BA:InputParams.js,12
users/mitchest/global_reefs_modules:colour_pals,1
users/mitchest/global_reefs_modules:pkg_vis,1
users/leofabiop120/El_Salvador:addIndices_Landsat,3
users/cindyvdvries/vegetatiemonitor:classification.js,1
users/cindyvdvries/vegetatiemonitor:service.js,1
users/fsn1995/tool:imPCA,1
users/arlestaboada/estilos:Modules/style.js,1
users/tl2581/ModL2T_BA:InputParams,10
users/CartasSol/nextgenmap/:guiROI.js,16
users/leal_philipe/submodules:get_byMonth_and_Year,1
users/juandb/INPE_JDP:SAR_TBX,1
users/leolaipelt/ssebop:settings,1
users/leolaipelt/ssebop:cloud,1
users/valeriepasquarella/shared:map_stylers,1
users/philippevillemaire/palsar:module/gamma_filter_v2.js,1
users/saidlahssini/forest_tools/geet:geet,1
users/dededirgahayu11/Fungsi:DD_OlahCitra.js,1
../gena/colorbrewer,1
users/collectearth/ce_scripts:frames_landsat_v5_kNDVI,1
users/collectearth/ce_scripts:frames_landsat_v4_Myanmar,1
users/collectearth/ce_scripts:frames_landsat_v4_tempSegmentation,1
users/andreasvollrath/radar:psrLib.js,4
users/andreasvollrath/radar:sentinel1.js,4
users/andreasvollrath/radar:alosPalsar.js,3
users/andreasvollrath/radar:generalSAR.js,4
users/andreasvollrath/radar:srtm.js,3
users/avollrath/PalmOil:MultiSensorStack,9
users/andreasvollrath/radar:srtmLib.js,3
users/raisgmb01/MapBiomas_C3:MODULES/CollectionDirectories,90
users/raisgmb01/MapBiomas_C4:P01_MOSAICOS/modules/BlackList_getImages.js,4
users/raisgmb01/MapBiomas_C4:P01_MOSAICOS/modules/BandNames.js,5
users/raisgmb01/MapBiomas_C4:P01_MOSAICOS/modules/Collection.js,5
users/raisgmb01/MapBiomas_C4:P01_MOSAICOS/modules/DataType.js,5
users/raisgmb01/MapBiomas_C4:P01_MOSAICOS/modules/SpectralIndexes.js,5
users/raisgmb01/MapBiomas_C4:P01_MOSAICOS/modules/Miscellaneous.js,5
users/raisgmb01/MapBiomas_C4:P01_MOSAICOS/modules/Mosaic.js,5
users/raisgmb01/MapBiomas_C4:P01_MOSAICOS/modules/SmaAndNdfi.js,5
users/raisgmb01/projects-mapbiomas:mapbiomas-bolivia/collection-4/modules/directories.js,49
users/raisgmb01/MapBiomas_C3:MODULES/GlobalFunctions,9
users/rcamargo/MapBiomasColl3S:MODULES/mosaicos,1
users/raisgmb01/projects-mapbiomas:mapbiomas-peru/collection-4/step-1-mosaics/modules/BandNames.js,3
users/raisgmb01/projects-mapbiomas:mapbiomas-peru/collection-4/step-1-mosaics/modules/Collection.js,2
users/raisgmb01/projects-mapbiomas:mapbiomas-peru/collection-4/step-1-mosaics/modules/DataType.js,2
users/raisgmb01/projects-mapbiomas:mapbiomas-peru/collection-4/step-1-mosaics/modules/SpectralIndexes.js,2
users/raisgmb01/projects-mapbiomas:mapbiomas-peru/collection-4/step-1-mosaics/modules/Miscellaneous.js,2
users/raisgmb01/projects-mapbiomas:mapbiomas-peru/collection-4/step-1-mosaics/modules/Mosaic.js,2
users/raisgmb01/projects-mapbiomas:mapbiomas-peru/collection-4/step-1-mosaics/modules/SmaAndNdfi.js,2
users/yuhjulio/woody_cover_final:s2_prep_brdf.js,1
users/yuhjulio/woody_cover_final:s2_prep.js,3
users/deabelle/MB_Pampa_ARG:DescargarMatrizConfusionZonasTimedOut.js,2
users/abarbieri/MapBiomas_Uruguay:passo010_acuracia_class_2017_Pampa_Regioes_UY_func.js,1
users/yotamg/jakarta_Feb_18:tools/avg_image,1
users/xskong/lib:pub/testLib,1
users/xskong/lib:L8mask,1
users/pbaldass/public:utils.js,34
users/pbaldass/public:time-series.js,34
projects/geo-3d/default:modules/visualization_utils,3
users/bzgeo/examples:_ancillary/ps_afr,9
users/bzgeo/examples:_ancillary/ps_ame,3
users/khanalnishant/ICIMOD:RLCMS/V2/CreateComposites/3_BRDF,3
users/khanalnishant/ICIMOD:RLCMS/V2/CreateComposites/4_terrain2,3
users/khanalnishant/ICIMOD:RLCMS/V2/CreateComposites/5_compositeMetric,3
users/khanalnishant/ICIMOD:RLCMS/V2/Training/2_sampleData,6
users/khanalnishant/NLCMS:Nepal/SupportScripts/CreateComposites/1_importImages,1
users/khanalnishant/NLCMS:Nepal/SupportScripts/CreateComposites/2_cloudBurst,1
users/khanalnishant/NLCMS:Nepal/SupportScripts/CreateComposites/3_BRDF,1
users/khanalnishant/NLCMS:Nepal/SupportScripts/CreateComposites/4_terrain2,1
users/servirbz/packages:temporal_reduction,1
users/gee-summer-school/code:Library,1
users/soilwatch/soilErosionApp:legends.js,5
users/soilwatch/soilErosionApp:drawing_tools.js,5
users/soilwatch/soilErosionApp:charts.js,5
users/bodaciouszhou/UCLA/:Landsat_QA_Band_Simple_Mask,2
users/bodaciouszhou/UCLA/:MODIS_QA_Band_Cloud_Mask,2
users/bodaciouszhou/UCLA/:Landsat_7_SLC_RRC,2
users/siatsiatns/forest_asia:utilities,4
users/siatsiatns/forest_asia:ds_sentinel2,1
users/siatsiatns/forest_asia:bad_images,3
users/siatsiatns/forest_asia:in_malaysia,1
users/siatsiatns/forest_asia:in_philippines,2
users/siatsiatns/forest_asia:ds_landsat8,3
users/siatsiatns/forest_asia:time_series,2
users/siatsiatns/forest_asia:ds_modis,1
users/lobelllab/Gtools/landsat.data.sr.c01.js,2
users/lobelllab/Gtools/harmonics.js,2
users/henryburgess/csiro:debug,2
users/troymcdonald/crop1622:geometry_Draw,2
users/balddinosaur/sugarbyte:bin/debug.js,12
users/balddinosaur/sugarbyte:bin/ui_widgets/draw.js,1
users/balddinosaur/sugarbyte:bin/ui_widgets/information_panel_factory.js,1
users/balddinosaur/sugarbyte:bin/ui_widgets/paddock_inspector.js,1
users/balddinosaur/sugarbyte:bin/paddock_outliner.js,1
users/balddinosaur/sugarbyte:bin/paddock_manager.js,1
users/balddinosaur/sugarbyte:bin/cloud_masking.js,1
users/balddinosaur/sugarbyte:bin/smooth_filter.js,1
users/balddinosaur/sugarbyte:bin/image_visualiser.js,1
users/balddinosaur/sugarbyte:bin/map_click_handler.js,1
users/balddinosaur/sugarbyte:bin/ui_widgets/input.js,1
users/balddinosaur/sugarbyte:bin/ui_widgets/layer_select_widget.js,1
users/balddinosaur/sugarbyte:bin/ui_widgets/legend_widget.js,1
users/balddinosaur/sugarbyte:bin/ui_widgets/elevation_legend_widget.js,1
users/balddinosaur/sugarbyte:bin/ui_widgets/timeline.js,1
users/christinech/la_pilot_app:data/urban_heat_islands_la,1
users/christinech/la_pilot_app:data/neighborhood_councils_la,1
users/christinech/la_pilot_app:data/city_boundary_la,1
users/xuantruongtrinh93/RS2020A_UTokyo:makeCollection,1
users/xuantruongtrinh93/RS2020A_UTokyo:maskCloud,1
users/xuantruongtrinh93/RS2020A_UTokyo:addQualityBands,1
users/xuantruongtrinh93/RS2020A_UTokyo:deglint,1
users/xuantruongtrinh93/RS2020A_UTokyo:waterColumnCorrection,1
users/xuantruongtrinh93/RS2020A_UTokyo:classify,1
users/erikvaningen/earthmap:Common/LandProductivity,2
users/jhowarth/eePrimer:modules/cart.js,18
users/jhowarth/eePrimer:modules/darkBase.js,3
users/jhowarth/eePrimer:modules/image_tools.js,7
users/jhowarth/eePrimer:modules/js101.js,1
users/jhowarth/eePrimer:modules/tissot.js,1
users/fitoprincipe/geetools:batch:batch,1
users/fitoprincipe//geetools:batch,1
users/sysuwuzl6/publicTools:getLandsatCol,15
users/gisliuwei/public:202106/Landsat_LST/modules/Landsat_LST.js,1
users/alemlakes/CommonCode:502/502.imageCollectionCompressionAndExpansion,48
users/alemlakes/CommonCode:502/imageCollectionCompressionAndExpansion,1
users/clelabbulc/Eli:3211/3211-twoYearIntoEvents-params-TEST,1
users/clelabbulc/r-3200-Merging-BULC-C2C:afn_SLIMS_v2,2
users/clelabbulc/r-3200-Merging-BULC-C2C:old/afn_SLIMS_v3,4
users/clelabbulc/r-3200-Merging-BULC-C2C:afn_SLIMS_v3,4
users/alemlakes/r-2900-BULC-Dev:BULC-SLIMS/2-Ongoing/afn_SLIMS_v7,2
users/alemlakes/r-2900-BULC-Dev:BULC-SLIMS/2-Ongoing/afn_SLIMS_v7d,1
users/hydrosolutions/public_functions:ETA,2
users/hydrosolutions/public_functions:ETA_S2,2
users/sethspawn/default:USXP/forestAgbRFmosaic_func.js,3
users/sethspawn/default:USXP/agbDistSummaryImage_func.js,3
users/sethspawn/default:USXP/bgbDistSummaryImage_func.js,3
users/sethspawn/default:USXP/fillBiomass_func.js,3
users/sethspawn/default:USXP/fillSOC_func.js,3
users/sethspawn/default:USXP/totalEmissions_func.js,3
users/sethspawn/default:USXP/CrossModuleInputs/landcoverPrep.js,4
users/sethspawn/default:USXP/landcoverReclass_func.js,4
users/sethspawn/default:USXP/CrossModuleInputs/gaussianScalars.js,3
users/sethspawn/default:USXP/CrossModuleInputs/inputs.js,3
users/sethspawn/default:USXP/socModule/soc100/Preprocessing/socFuncs.js,2
users/sethspawn/default:USXP/socModule/soc100/Preprocessing/modelParams.js,2
users/sethspawn/default:USXP/CrossModuleInputs/covariatePrep.js,2
users/servirhkh/NLCMS:Nepal/SupportScripts/CreateComposites/1_importImages,1
users/servirhkh/NLCMS:Nepal/SupportScripts/CreateComposites/2_cloudBurst,1
users/servirhkh/NLCMS:Nepal/SupportScripts/CreateComposites/3_BRDF,1
users/servirhkh/NLCMS:Nepal/SupportScripts/CreateComposites/4_terrain2,1
users/servirhkh/NLCMS:Nepal/SupportScripts/CreateComposites/5_compositeMetric,1
users/nyeinthwal/mrc:importS2_module,6
users/nyeinthwal/mrc:shadowMask_module,4
users/nyeinthwal/mrc:cloud_module,3
users/nyeinthwal/mrc:brdf_module,2
users/nyeinthwal/mrc:topographic_module,2
users/benitezrcamilo/functions:L8functions.js,5
V8,1
devtools,1
users/fitoprincipe/geetools:labels,1
users/dag/covid:datepicker,1
users/agrosatelite_mapbiomas/mapbiomas_tutorial:collection6/utils/api.js,1
:,1
users/elacerda/geet:geet.js,24
users/czhang11/agkit4ee:/statistic.js,3
users/eusers/emaprlab/privatemaprlab/private:CCDC-Inspector,1
users/orbtwz/Open:DrawTools,1
users/orbtwz/Open:UITools,3
users/fitoprincipe/geetools:_tools/string,5
users/fitoprincipe/geetools:_tools/date,2
users/fitoprincipe/geetools:_tools/collection,7
users/fitoprincipe/geetools:_tools/geometry,2
users/fitoprincipe/geetools:_tools/image,8
users/fitoprincipe/geetools:_tools/imagecollection,6
users/fitoprincipe/geetools:_tools/map,2
users/fitoprincipe/geetools:_tools/number,2
users/fitoprincipe/geetools:_tools/featurecollection,2
users/fitoprincipe/geetools:_tools/feature,2
users/fitoprincipe/geetools:_tools/list,3
users/fitoprincipe/geetools:_tools/dictionary,2
users/xiazilong123/hello:package/zhouchang,1
users/wuxx33/Height:xx_tools,15
users/kkraoj/ee:fmc_from_sar/make_colorbar,1
users/kkraoj/ee:fmc_from_sar/style_map,1
users/arronhuiyaer/lijuanmianji:main.js,1
users//sz456930/otsu:filtering.js,1
users/410093033/util:DID,2
users/giacomotitti/SRT:SRTfunctions,1
users/frederickirchhoff/thaytime2:composer_pernambuco,1
users/imazonfred/thay:func,1
users/joaovsiqueira1/project-ecuador:Modules/DAM.js,1
users/joaovsiqueira1/project-ecuador:Modules/Palettes.js,1
users/juliannecoliveira/TCC_safe:Segmentacao_TCC20/Image_Sentinel2_forSegmentation_median_sd,2
users/sanchezpaus/utils:misc,1
users/santiagobanchero/MapBiomasCol1_R2:Mosaicos/BRDF_Correct.js,19
users/tgomez:EntreRios/brdf_v1,1
users/deabelle/entre_rios_2020:utils_ER.js,9
users/deabelle/entre_rios_2020:time-series.js,3
users/svch1mail/repo:Composite,1
ng_dn_Asset:Ten_dau_vao,1
users/gee11290/library:gee_whittaker.js,1
users/users/yogadwiputra/Function:Cloud_Masking.js,1
users/NathanielPaulRobinson/TNC-GCS:base/agb-model-functions,1
users/NathanielPaulRobinson/TNC-GCS:base/utility-functions,1
Tn_ng_dn:Tn_file,1
users/bagnato/SAT:AlgoritmosDeteccion/CODED/utils_local,3
users/bagnato/SAT:BosquesCalden/utils_Caldenal.js,1
users/bagnato/SAT:BosquesCalden/time_series.js,1
users/bagnato/SAT:AlgoritmosDeteccion/CODED-at/ccdcUtilities/api,4
users/bagnato/SAT:AlgoritmosDeteccion/CODED-at/ccdcUtilities/dates.js,4
users/bagnato/SAT:AlgoritmosDeteccion/CODED-at/ccdcUtilities/classification.js,2
users/bagnato/SAT:AlgoritmosDeteccion/CODED-at/ccdcUtilities/ccdc.js,3
users/bagnato/SAT:AlgoritmosDeteccion/CODED-at/ccdcUtilities/inputs.js,1
users/bagnato/SAT:AlgoritmosDeteccion/CODED-at/ccdcUtilities/results.js,1
users/bagnato/SAT:AlgoritmosDeteccion/CODED-at/ccdcUtilities/terrain.js,2
users/bagnato/SAT:AlgoritmosDeteccion/CODED-at/ccdcUtilities/change.js,1
users/samapriya/modules:filters-composites,5
users/ieco/ecoEE-js:modules/module-max-distance.js,1
users/ieco/ecoEE-js:ecoEE-js-load-all-modules.js,1
users/stromann/GEE-LandCoverClass:labeller,1
users/stromann/GEE-LandCoverClass:exporter,1
users/stromann/GEE-LandCoverClass:shape_funs,1
users/gena/packages:water-occurrence,1
users/ujaval/demo:modules/slider_module,1
users/agrodecisaoproduto/modules:baseFolder/rois.js,7
users/stormwaterheatmap/apps:Modules/loads,1
users/clairesimpson17/test011519:getImagesLib_CES,1
users/tertiarymatt/snippets:functions.js,1
users/ianhousman/TNC:gde-pulse/modules/getImagesLib.js,3
users/yang/CCDC:default,2
users/khanalnishant/RLCMS:CreateComposites/4_terrain_null,1
users/joshuaheyer/image-processing:imageNormalization_Wrapper,2
users/joshuaheyer/image-processing:imageNormalization_Wrapper_noNDMI,2
users/xuantruongtrinh93/myFunctions:makeCollection,2
users/xuantruongtrinh93/myFunctions:maskCloud,2
users/xuantruongtrinh93/myFunctions:addQualityBands,2
users/xuantruongtrinh93/myFunctions:deglint,2
users/xuantruongtrinh93/myFunctions:waterColumnCorrection,2
users/xuantruongtrinh93/myFunctions:classify,3
users/jamievleeshouwer/TERN/:lib/cloud_detection,63
users/jamievleeshouwer/TERN/:lib/colorbrewer,42
users/jamievleeshouwer/TERN/:lib/utils,10
users/jamievleeshouwer/TERN/:lib/data,4
users/jamievleeshouwer/TERN/:lib/algorithms,2
users/jamievleeshouwer/TERN/:lib/cmrset,5
users/jamievleeshouwer/TERN/:lib/blend-lite,5
users/GoodMax_C2S/Modules:Visuals,1
users/jonathanasullivan/gee-dfo-research-award:utils/landsat_sample,2
users/davekeelerbh765/newa:functions/new_Landsat0_LST0_water0.js,3
users/davekeelerbh765/newa:functions/new_landmask0.js,3
users/davekeelerbh765/newa:functions/new_cloudmask_water.js,3
users/whutsjp/LST2020:modules/landmask_landsat2GSW2mndwi.js,2
users/whutsjp/LST2020:modules/Landsat_LST_water.js,1
users/whutsjp/LST2020:modules/cloudmask_erode_after_standadizedBandname,1
users/kimambo/temporalWoodlotsIdentification:Temporal_ClassificationSteps/00_ReusableFunctions_TemporalWoodlotClassif,16
users/nyeinsoethwal/cml:importS2_module,3
users/nyeinsoethwal/cml:shadowMask_module,3
users/nyeinsoethwal/cml:cloud_module,3
users/nyeinsoethwal/cml:brdf_module,2
users/nyeinsoethwal/cml:topographic_module,2
users/guy1ziv2/packages:frag_gee,2
should,2
get-pixels,1
users/wbuenob/zf:Filtra_Imagenes,1
users/wbuenob/zf:histograma,1
users/mlt2177/cloudtostreet:PopSmoothing,2
users/GoodMax_C2S/Modules:impacts,6
users/mlt2177/cloudtostreet:PopCombination,3
users/jonathanasullivan/Cloud2Street:Impacts/PopulationTests/floodImages,1
users/mlt2177/cloudtostreet:PopulationUncertainty,1
users/jonathanasullivan/Cloud2Street/Modules:impacts,1
users/GoodMax_C2S/Modules:simpleS1Flood,1
users/GoodMax_C2S/Modules:simpleS2Flood,1
users/wangjingjhao/LST2020:modules/ASTER_bare_emiss.js,1
users/zjuye100081/Coastline_extraction:module/S2_cloudless,1
users/zjuye100081/Coastline_extraction:module/Cloud_list,1
users/zjuye100081/Coastline_extraction:module/Geometry_extraction,1
users/google/datasets:COPERNICUS_S2.js,2
users/linziyu/Plant:MyToolkit,1
users/motianlunlv/CAU:GeeTools,1
users/sysuzhuanghaoming/height:util,4
users/sysuzhuanghaoming/height:util_cn,1
users/frederickirchhoff/shortcuts:legendyze,1
users/frederickirchhoff/shortcuts:legendyze_background,1
users/conanpeng456/default:ModuleFunc/Module_MaskCloud,4
users/conanpeng456/default:ModuleFunc/Module_Indices,1
users/conanpeng456/default:ModuleFunc/Module_OpticalProcess,1
users/kongdd/public:Math/pkg_movmean.js,1
users/yanghui/modules:S2Lib.js,1
users/han_ifrit/lib:han,4
users/jiezhou87/default:/DIMERS/HANTS-GEE,2
users/xy15045812917/sample_selection:function,51
users/1789093788/Cloud:Interpolation_v1,1
users/xuzc/Mosaic:PhenologyExtractionFunction_1d,2
users/zhanzhou_qibin/public_function:pretreatment.js,2
users/zhanzhou_qibin/public_function:/otsu-method.js,2
users/zhanzhou_qibin/public_function:/myextract,1
users/emaprlab/public:Modules/LandTrendr-braaten-test.js,1
users/zoufenglili123/pub:modules/SMWalgorithm.js,1
users/lin00370/utilities:functions,1
users/fork/albedo:Sentinel-2,1
users/MarsXu/CodeofRS:dataProcessing/methods,13
users/comingboy1118/ccdc:train3.js,1
users/comingboy1118/ccdc:model.js,1
users/vsalasaguilar/PDI-2020:funtion,1
users/agrosatelite_mapbiomas/mapbiomas_tutorial:api.js,226
users/xujianpeng0305/Altruist:YuxuanQiu/toolbox,2
users/jarickkk/packages:gena-palettes,1
users/lyyuwanly1/Liyu:state/f_col.js,1
users/lyyuwanly1/Liyu:state/mask.js,1
users/lyyuwanly1/Liyu:Math.js/index_cal.js,1
users/lyyuwanly1/Liyu:state/state_cal.js,1
users/lyyuwanly1/Liyu:state/pkg_export_state.js,1
users/lyyuwanly1/Liyu:state/img_col_asset.js,2
users/georgeazzari/EEtools:image.tools.optical.js,2
users/1024wxiaohan/LCC:CSI/module/LC42_tileID.js,1
users/czhang11/tutorial:/getClassificationModel,2
users/czhang11/tutorial:/getTrustedMap,2
users/czhang11/tutorial:/getLandsatImage,1
users/czhang11/tutorial:/getSamples,1
users/jhowarth/modules:newBaseMap.js,1
users/julbateman/GTAC:NRCS_exercises/NRCS_DSMLib,4
users/USFS_GTAC/GTAC-Training:DigitalSoilMapping/03_Library/DSM_Lib,3
users/ZhenZhang/VIs:importS2_module,4
users/ZhenZhang/VIs:shadowMask_module,4
users/ZhenZhang/VIs:cloud_module,4
